build_id;title_id;version;name;source
D002413885637A4E;01000320000CC000;1.1.0;1-2-Switch;extracted
2E4D252AA9547F98;0100749009844000;1.1.0;20XX;db
77B806340F2AF13B;0100749009844000;1.4.0;20XX;db
0BB68E9935102056;010056E00853A000;1.1.0;A Hat in Time;db
522CB29FDF77322B;010056E00853A000;1.2.0;A Hat in Time;db
746F0D697EEEE2DD;010056E00853A000;1.4.0;A Hat in Time;db
9EA96E90474DEA51;0100FC000AFC6000;1.1.0;ACA NEOGEO 3 COUNT BOUT;db
EF700397005B93F4;0100AC40038F4000;1.1.0;ACA NEOGEO AERO FIGHTERS 2;db
80FB5C02F0E4292A;0100B91008780000;1.1.0;ACA NEOGEO AERO FIGHTERS 3;db
3F175CD5303104D9;01006A80038FC000;1.1.0;ACA NEOGEO ART OF FIGHTING;db
921CA58103B00781;010066600877E000;1.1.0;ACA NEOGEO ART OF FIGHTING 2;db
7CC18779B44CC2E4;0100D2400AFB0000;1.1.0;ACA NEOGEO CROSSED SWORDS;db
BC47AD4E7BED34E3;0100CB2001DB8000;1.1.0;ACA NEOGEO GAROU: MARK OF THE WOLVES;db
28B02EF98363E329;010014E004FA8000;1.1.0;ACA NEOGEO KARNOV'S REVENGE;db
95D53D2920515450;010014E004FA8000;1.1.0;ACA NEOGEO KARNOV'S REVENGE;db
8945FC868C858831;01007920038F6000;1.1.0;ACA NEOGEO MAGICIAN LORD;db
31196C8F3970CD2A;0100EBE002B3E000;1.1.0;ACA NEOGEO METAL SLUG;db
859B8A3313FB2057;0100EBE002B3E000;1.2.0;ACA NEOGEO METAL SLUG;db
51B72BBA4010216E;0100BA8001DC6000;1.2.0;ACA NEOGEO METAL SLUG 3;db
F6B3ABA9CCF21914;01009CE00AFAE000;1.1.0;ACA NEOGEO METAL SLUG 4;db
C09022663B2B7B12;0100A8C001DCE000;1.1.0;ACA NEOGEO NAM-1975;db
B8A596E19E7EB74C;01002C900A302000;1.1.0;ACA NEOGEO RIDING HERO;db
E7C1ECA56D362EF6;01005C9002B42000;1.1.0;ACA NEOGEO SAMURAI SHODOWN;db
C356ED633D2BF7FC;010061600BF7E000;1.2.0;ACA NEOGEO STRIKERS 1945 PLUS;db
E121A5898AF4A0D9;0100EB2001DCC000;1.1.0;ACA NEOGEO THE KING OF FIGHTERS '94;db
BA81650BEC0CBD54;01009DC001DB6000;1.1.0;ACA NEOGEO THE KING OF FIGHTERS '95;db
1E7696EE3BF2324E;0100B42001DB4000;1.1.0;ACA NEOGEO THE KING OF FIGHTERS '98;db
F15D4F7092756A32;0100CEF001DC0000;1.2.0;ACA NEOGEO WAKU WAKU 7;db
CE31F943F1E25699;01009D4001DC4000;1.1.0;ACA NEOGEO WORLD HEROES PERFECT;db
D8AE31761C6F8B4B;0100B28003440000;1.5.0;Aces of the Luftwaffe - Squadron;db
320A17744AEFD67F;0100300012F2A000;1.0.0;Advance Wars 1 plus 2 Re-Boot Camp;extracted
550CC8AAD902C04F;0100C4E004406000;1.4.0;Adventure Time: Pirates of the Enchiridion;db
3785B9800028344E;01008E6006502000;1.3.0;Aegis Defenders;db
5315392024384345;010089B00D09C000;1.1.0;AI: THE SOMNIUM FILES;db
469A52D777C7104D;01007F100DE52000;1.1.0;Akane;db
6626E13268010C47;01000E000EEF8000;1.1.0;Aldred Knight;db
EBE18862AE4ECA75;010075D00E8BA000;1.1.0;Alien: Isolation;db
BFBA9856A1EAF74D;010002B00C534000;1.8.0;American Fugitive;db
FAC657E2A78DA428;010041D00DEB2000;1.2.0;Amoeba Battle - Microscopic RTS Action;db
15765149DF53BA41;01006F8002326000;2.0.6;Animal Crossing New Horizons;extracted
F2748846FCFA414D;010097600C322000;1.1.0;ANIMUS;db
F3315F8027A9B24A;010071800BA74000;1.1.0;Aragami: Shadow Edition;db
B617B4257091116E;010016F025208000;1.0.3;Arashi Gaiden;db
3873D07A0F36F124;0100C7D00E6A0000;1.1.0;Arc of Alchemist;db
24B914A613DD2511;0100BE80097FA000;1.1.0;Arcade Archives 10-Yard Fight;db
D3D6C45A044DA864;010007A00980C000;1.1.0;Arcade Archives City CONNECTION;db
DFB5E9BED275BC83;01007D200D3FC000;1.1.0;Arcade Archives ICE CLIMBER;db
607440A612128046;010008300C978000;1.1.0;Arcade Archives IMAGE FIGHT;db
CD197B478B92DAE8;0100755004608000;1.1.0;Arcade Archives Mario Bros.;db
C8FADC5AF4CD1DFC;01003000097FE000;1.1.0;Arcade Archives MOON PATROL;db
E6B68D2C81F73E85;01003EF00D3B4000;1.1.0;Arcade Archives NINJA GAIDEN;db
EFA7C305C7475BE2;01001530097F8000;1.1.0;Arcade Archives PUNCH-OUT!!;db
17BDA7A970B681FF;010069F008A38000;1.1.0;Arcade Archives STAR FORCE;db
35244CBEA8258FCD;010021D00812A000;1.2.0;Arcade Archives VS. SUPER MARIO BROS.;db
CA6A651294CF3FD4;01003FB00E954000;1.1.0;Arcade Archives Yie Ar KUNG-FU;db
DD08D44D738CCA61;010050000D6C4000;1.3.0;Arcade Classics Anniversary Collection;db
80E78E7022B9ECED;0100D4A00B284000;1.2.0;ARK: Survival Evolved;db
BBA3811191DE71D9;01009B500007C000;5.4.1;ARMS;extracted
501924B7C22129E5;01009B500007C000;1.16.0;ARMS™;db
F5C7D98B0911DCD0;01009B500007C000;1.15.0;ARMS™;db
43DDF3AED0E7E500;01007F600B134000;1.2.0;Assassin's Creed® III: Remastered;db
4E2BD0A86A253F9F;01007F600B134000;1.1.0;Assassin's Creed® III: Remastered;db
824B38A25986B2AB;0100670014482000;1.3;Assassins Creed The Ezio Collection;extracted
7AD47BA04885EB42;0100DF200B24C000;1.1.0;Assault Android Cactus+;db
6D18AF70D6FFE1C2;010081500EA1E000;1.3.0;Asterix & Obelix XXL 3  - The Crystal Menhir;db
57F46046A792060D;01001F3018880000;1.5.0;Asterix & Obelix XXXL : The Ram From Hibernia;db
4B159F0F7A360669;01007300020FA000;1.1.0;ASTRAL CHAIN;db
967D32BE4B10B67E;010088600C66E000;1.1.0;Atelier Arland series Deluxe Pack;db
789E7B6351D8C862;0100B1400CD50000;1.1.0;Atelier Lulua ~The Scion of Arland~;db
CA7FACAEC708311C;0100B1400CD50000;1.4.0;Atelier Lulua ~The Scion of Arland~;db
4D266D1AD3E90E74;010009900947A000;1.4.0;Atelier Lydie & Suelle ~The Alchemists and the Mysterious Paintings~;db
E76C3624D3AE3DCE;0100ADD00C6FA000;1.2.0;Atelier Meruru ~The Apprentice of Arland~ DX;db
4E9E9501D27DD02E;0100D1900EC80000;1.2.0;Atelier Ryza: Ever Darkness & the Secret Hideout;db
78A0EDFBD60C976E;0100D1900EC80000;1.1.0;Atelier Ryza: Ever Darkness & the Secret Hideout;db
BE0EFDE5580470DB;0100D1900EC80000;1.4.0;Atelier Ryza: Ever Darkness & the Secret Hideout;db
4FD4BFE66C5353D4;01009BC00C6F6000;1.1.0;Atelier Totori ~The Adventurer of Arland~ DX;db
50EEA3F69A38287A;0100F6C00641C000;1.0.14;Attack On Titan 2;extracted
586EA519C1CDFAE7;010034500641A000;1.14.0;Attack on Titan 2: Final Battle (US version) - Retail Only;db
81CDD5AA269F3505;010034500641A000;1.11.0;Attack on Titan 2: Final Battle (US version) - Retail Only;db
FF4C1C4FD0D9651C;0100052004384000;1.2.0;Axiom Verge;db
834B06427856BF44;0100C7D00DE24000;1.1.0;Azuran Tales: TRIALS;db
24017817548C5EB7;0100192003FA4000;1.1.0;Azure Striker GUNVOLT: STRIKER PACK;db
758226EAE49FE1BB;0100192003FA4000;1.6.0;Azure Striker GUNVOLT: STRIKER PACK;db
D0222F29AB9BB64C;0100551001D88000;1.2.0;Battle Chasers: Nightwar;db
8C853C65D7FF824F;0100C4D0093EA000;1.5.0;Battle Princess Madelyn;db
A1CE2940D813ACAB;0100CF5010FEC000;1.0.0;Bayonetta Origins Cereza and the Lost Demon;extracted
7DCD7A8BB4D3DE46;01002FA00DE72000;1.1.0;BDSM: Big Drunk Satanic Massacre;db
1DD68BEFB8B47446;01001EB00E9FE000;1.1.0;Beast Quest;db
312A6760655AC64A;01006E1004404000;1.2.0;Ben 10;db
AFAAE7E8FD18F04C;010074500BBC4000;1.2.0;Bendy and the Ink Machine;db
2580871E693BF04D;010049000B69E000;1.2.0;Black Future '88;db
80B750F7AB6A6D9B;0100C4400CB7C000;1.1.0;BLADE ARCUS Rebellion from Shining;db
0379AC316B16FBC1;01009CC00E224000;1.2.0;Blade II - The Return Of Evil;db
5E7CDA9E555594F7;0100CFA00CC74000;1.3.0;Blades of Time;db
7D5566784A94EC45;0100CFA00CC74000;1.1.0;Blades of Time;db
AACC3E192951142C;0100CFA00CC74000;1.2.0;Blades of Time;db
382C13C67356D348;0100698009C6E000;1.1.0;Blasphemous;db
8A4D312D4F3D8A47;0100698009C6E000;1.2.0;Blasphemous;db
A4EA361912D1FAAC;01005AA00D676000;1.5.0;Blaster Master Zero 2;db
B4C22C2A6B42CB3D;01005AA00D676000;1.6.0;Blaster Master Zero 2;db
EACF4443D4078F41;01005AA00D676000;1.4.0;Blaster Master Zero 2;db
4C531136514B74B1;0100EE800C93E000;1.1.0;BLAZBLUE CENTRALFICTION Special Edition;db
1AE1F9F6E9756C30;0100B61008208000;1.6.0;BLAZBLUE CROSS TAG BATTLE;db
2DE1664F7B114BE5;0100B61008208000;1.10.0;BLAZBLUE CROSS TAG BATTLE;db
318F9F225A532857;0100C2700C252000;1.2.0;Blazing Chrome;db
DA4276DF8ADE4EEC;0100C2700C252000;1.1.0;Blazing Chrome;db
C26B326ECEE0ACA1;010042C006490000;1.1.0;Bleed;db
3BEC0EF7B2DFA80D;0100A48008AE8000;1.1.0;Bleed 2;db
7F601C10C52ECF17;01004B800AF5A000;1.1.0;Bloodstained: Curse of the Moon;db
82DECA0A867052BF;01004B800AF5A000;1.2.0;Bloodstained: Curse of the Moon;db
1A6DFB0842D3E0D4;0100BF500207C000;1.3.0;Bloodstained: Ritual of the Night;db
3801F5E8E152C2C2;0100BF500207C000;1.1.0;Bloodstained: Ritual of the Night;db
86F6EB39DC3576F2;0100BF500207C000;1.4.0;Bloodstained: Ritual of the Night;db
A736FE15B0BBAEEC;0100BF500207C000;1.2.0;Bloodstained: Ritual of the Night;db
F3CD58B9B43F164F;0100875008000000;1.1.0;Bloody Zombies;db
A514B9687031515D;0100B8400A1C6000;1.1.0;Bloons TD 5;db
05F6F8467F81D8D0;0100C1000706C000;1.2.0;Blossom Tales: The Sleeping King;db
94B20FD4BC79108E;0100C1000706C000;1.1.0;Blossom Tales: The Sleeping King;db
2B039C01B7596146;01007900080B6000;1.2.0;Bomber Crew;db
2B839A3905710D48;010054500F564000;1.1.0;Bookbound Brigade;db
EACA10198346B74C;01001FD0040F4000;1.4.0;Brawlout;db
6AF6A293E37CDD4F;010060A00B53C000;1.2.0;Broforce;db
683C5D2E0C0A3BCB;0100BCD010E88000;1.1.0;Brotherhood United;db
0B56C9667B592EB4;01000B900D8B0000;1.3.0;Cadence of Hyrule: Crypt of the NecroDancer featuring The Legend of Zelda;db
58D659D1017E8350;01000B900D8B0000;1.1.0;Cadence of Hyrule: Crypt of the NecroDancer featuring The Legend of Zelda;db
DC18649D072E8743;01000B900D8B0000;1.2.0;Cadence of Hyrule: Crypt of the NecroDancer featuring The Legend of Zelda;db
8F6B002FEB5D0F8E;010046000EE40000;1.3.0;Call of Cthulhu;db
6BA63EBC3BA1B4DA;0100B4700BFC6000;1.3.0;Call of Juarez: Gunslinger;db
EBF7DE558D554C7E;0100B4700BFC6000;1.5.0;Call of Juarez: Gunslinger;db
55AA8D007FAEC044;010034400CB5E000;1.1.0;Candleman;db
FDE56D0D80CF091D;010094E00B52E000;1.1.0;Capcom Beat 'Em Up Bundle;db
8F75C9B8B7FF69D9;01009BF0072D4000;1.3.0;Captain Toad Treasure Tracker;extracted
464A579132BB5A4C;01009BF0072D4000;1.2.0;Captain Toad™: Treasure Tracker;db
72710A5310A06266;01009BF0072D4000;1.1.0;Captain Toad™: Treasure Tracker;db
0C8B9A29939D3BF5;0100B1600E9AE000;1.0.0;CARRION;extracted
6E191829548C2A41;0100744001588000;1.2.0;Cars 3: Driven to Win;db
14F313FD9D44962C;010001300D14A000;1.1.0;Castle Crashers Remastered;db
0A4D71A302961148;0100A2F006FBE000;1.2.0;Cat Quest;db
220C1F10A8BB9C40;01008BE00E968000;1.2.0;Cat Quest II;db
8407E7A232335B1A;010088501B8F2000;1.1.0;Cat Quest III;extracted
3CA7B62064697713;0100A55003B5C000;1.2.0;Cave Story+;db
5D678E584423275C;0100B7D0022EE000;1.2.0;Cave Story+;db
AA14F75E7C738844;01006DB004566000;1.2.0;Caveman Warriors;db
5EAE657929360479;01002B30028F6000;1.5.0;Celeste;db
592DE2F107EC8646;01002DE00C250000;1.1.0;Children of Morta;db
2D502DEF7E95E447;010012E00EA66000;1.3.0;Chroma Squad;db
9C010911589C624F;0100D8800B87C000;1.3.0;Cities: Skylines - Nintendo Switch™ Edition;db
B3D2E97016CD4EA4;01002A600D7FC000;1.0.1;Collection of Mana;extracted
4CCD2F6D331DD104;0100F2600D710000;1.5.0;CONTRA: ROGUE CORPS;db
8B5602A415099D59;0100F2600D710000;1.1.0;CONTRA: ROGUE CORPS;db
E8DB38F170B0149D;010073401175E000;1.2;Crash Bandicoot 4 Its About Time;extracted
29E1A37D84227147;0100D1B006744000;1.0.0;Crash Bandicoot N Sane Trilogy;extracted
20E862BD6C39D8AE;0100F9F00C696000;1.10.0;Crash™ Team Racing Nitro-Fueled;db
22DF179B89611807;0100F9F00C696000;1.7.0;Crash™ Team Racing Nitro-Fueled;db
47E60871471F1CE9;0100F9F00C696000;1.14.0;Crash™ Team Racing Nitro-Fueled;db
64736428D344E78E;0100F9F00C696000;1.12.0;Crash™ Team Racing Nitro-Fueled;db
67813B3F85782991;0100F9F00C696000;1.3.0;Crash™ Team Racing Nitro-Fueled;db
6C34F9D999E908E8;0100F9F00C696000;1.6.0;Crash™ Team Racing Nitro-Fueled;db
6D693314DAC7B040;0100F9F00C696000;1.11.0;Crash™ Team Racing Nitro-Fueled;db
9A5CF70301FBEB93;0100F9F00C696000;1.8.0;Crash™ Team Racing Nitro-Fueled;db
BE5EE5A46FCDE180;0100F9F00C696000;1.4.0;Crash™ Team Racing Nitro-Fueled;db
C25BB998C6D3C629;0100F9F00C696000;1.1.0;Crash™ Team Racing Nitro-Fueled;db
D614A20DDE59E4D7;0100F9F00C696000;1.9.0;Crash™ Team Racing Nitro-Fueled;db
DFCFAFF44673EF2B;0100F9F00C696000;1.13.0;Crash™ Team Racing Nitro-Fueled;db
EC79BF385ED287E8;0100F9F00C696000;1.2.0;Crash™ Team Racing Nitro-Fueled;db
ED5D2D9DF7A61C7D;0100F9F00C696000;1.5.0;Crash™ Team Racing Nitro-Fueled;db
4329F538F6A82A49;01007C600D778000;1.1.0;Creature in the Well;db
114D4499AB558921;01004BC0166CC000;1.0.3;CRISIS CORE –FINAL FANTASY VII– REUNION;extracted
777320C58883BD91;01004F800C4DA000;1.2.0;Croc's World;db
2AD1DB30685B030E;0100AC100CCF6000;1.1.0;Cryogear;db
B238FA943D2A300D;0100CEA007D08000;1.4.0;Crypt of the NecroDancer: Nintendo Switch Edition;db
80537FB47433794B;0100A5C00D162000;1.5.0;Cuphead;db
E5F6265D8D486648;0100A5C00D162000;1.2.0;Cuphead;db
619D3570BF6B9B7B;0100B6400CA56000;1.7.0;DAEMON X MACHINA™;db
CE8A42E1A1C73B26;0100B6400CA56000;1.8.0;DAEMON X MACHINA™;db
35177D3968ACA808;0100417007F78000;1.3.0;Danmaku Unlimited 3;db
4F93698A5605676B;010083A00BF6C000;1.1.0;Dark Devotion;db
9985B82CC518FFAF;01004AB00A260000;1.2.0;DARK SOULS™: REMASTERED;db
DF3766A2BB651A3E;01004AB00A260000;1.3.0;DARK SOULS™: REMASTERED;db
F4B72C9EF704CA64;01004AB00A260000;1.1.0;DARK SOULS™: REMASTERED;db
0EB0818751685BE8;0100F2300D4BA000;1.1.0;Darksiders Genesis;db
1DD738FE18FD9BBC;0100F2300D4BA000;1.2.0;Darksiders Genesis;db
207231A04B2F3744;010033500B7B6000;1.1.0;Darkwood;db
250CE7C4A4DE1940;010033500B7B6000;1.4.0;Darkwood;db
39A33D59F1F2B841;010033500B7B6000;1.2.0;Darkwood;db
07590851285F3479;0100646009FBE000;1.8.0;Dead Cells;db
113FE52D64570F0F;0100646009FBE000;1.11.0;Dead Cells;db
193312261C565696;0100646009FBE000;1.12.0;Dead Cells;db
1BE215B198E66550;0100646009FBE000;1.6.0;Dead Cells;db
254C9E4B338BFCD3;0100646009FBE000;1.10.0;Dead Cells;db
376D8EF97FB8A97D;0100646009FBE000;1.5.0;Dead Cells;db
5474C91B733D8621;0100646009FBE000;1.13.0;Dead Cells;db
62F7F1E54F9353F8;0100646009FBE000;1.2.0;Dead Cells;db
880653D91ECE0771;0100646009FBE000;1.4.0;Dead Cells;db
EFE3ACA35E248BB6;0100646009FBE000;1.7.0;Dead Cells;db
D81D2492B00F45D2;01009CC00C97C000;1.5.0;DEAD OR ALIVE Xtreme 3 Scarlet 基本無料版;db
4CB1DC253D230B2C;0100423009358000;1.5.0;Death Road to Canada;db
E674D6FDAEAE5844;010061300BBF8000;1.2.0;Defense Grid 2;db
E450A5DD753D257F;010023800D64A000;1.4.0;DELTARUNE Chapter 1&2;db
A2A5ABEF988ABAA2;010007500F27C000;1.0.0;Detective Pikachu Returns;extracted
BB1817C904CD13FE;010031B00CF66000;1.3.0;Devil Engine;db
F8C066A1E59D8CCE;01007CF00D5BA000;1.0.0;Devil May Cry 2;extracted
258D8BA560CFA34C;01007B600D5BC000;1.0.1;Devil May Cry 3 Special Edition;extracted
2607A74F5DF7754C;01001B300B9BE000;2.7.7.92380;Diablo III Eternal Collection;extracted
2D117920406C4B15;01001B300B9BE000;1.1.0;Diablo III: Eternal Collection;db
46B754C506E2EE0A;01001B300B9BE000;1.2.0;Diablo III: Eternal Collection;db
8972613A7CA4E46D;01001B300B9BE000;1.7.0;Diablo III: Eternal Collection;db
A3E80174BF5AE455;01001B300B9BE000;1.3.0;Diablo III: Eternal Collection;db
AB8893B8563CB2FD;01001B300B9BE000;1.1.0;Diablo III: Eternal Collection;db
C0F4B9FFFFA1F5DD;01001B300B9BE000;1.6.0;Diablo III: Eternal Collection;db
92A6C699E4BAE7DA;010014E00DB56000;1.2.0;Digimon Story Cyber Sleuth: Complete Edition;db
BEDAE701DD8565CD;010014E00DB56000;1.3.0;Digimon Story Cyber Sleuth: Complete Edition;db
7E0AFD1097E8DADD;0100A15026080000;1.0.0;Digimon Story Time Stranger;db
8567DF0B7DC16822;010062E01FE0C000;1.2.1;Digimon Story Time Stranger;db
4CEE2E7A0A18E44B;01005E600AB64000;1.1.0;Disease -Hidden Object-;db
81F7AB934AD9A6DC;01004B100AF18000;1.3.0;Disgaea 1 Complete;db
6A1BF67D25FC2ED0;0100A9800E9B4000;1.2.0;Disgaea 4 Complete+;db
767DC7B2885026A8;0100A9800E9B4000;1.1.0;Disgaea 4 Complete+;db
CC9ABDFA887F316D;01005700031AE000;1.3.0;Disgaea 5 Complete;db
10844A7A20C5597E;0100DA201EBF8000;1.0.4;Disney Epic Mickey Rebrushed v1.0.0;extracted
1F7D8734CEB66148;010012800EBAE000;1.1.0;Disney TSUM TSUM FESTIVAL;db
3C4E2B234CB55B78;010027400CDC6000;1.4.0;Divinity: Original Sin 2 - Nintendo Switch™ 2 Edition;db
DBD602F66E2DE27D;010027400CDC6000;1.1.0;Divinity: Original Sin 2 - Nintendo Switch™ 2 Edition;db
F821DC8CC9A45414;010027400CDC6000;1.3.0;Divinity: Original Sin 2 - Nintendo Switch™ 2 Edition;db
8AC516E8A5D2564B;01009D901BC56000;1.0.0;Donkey Kong Country Returns HD;extracted
F48BD40D89B529C1;0100C1F0051B6000;1.2.0;Donkey Kong Country™: Tropical Freeze;db
01ACE43E724259C3;0100416004C00000;1.3.0;DOOM;db
53B3E4A3B478BF4B;010018900DD00000;1.4.0;DOOM (1993);db
C35190AD7468CB42;010018900DD00000;1.3.0;DOOM (1993);db
28B88C3BDF442EBB;010029D00E740000;1.3.0;DOOM 3;db
9408AAA62605D822;010029D00E740000;1.1.0;DOOM 3;db
1F6C11F9AE3C2148;0100D4F00DD02000;1.3.0;DOOM II (Classic);db
B23620B7C664034B;0100D4F00DD02000;1.4.0;DOOM II (Classic);db
59624BD909DFDD4B;010073700E412000;1.2.0;DORAEMON  STORY OF SEASONS;db
EE35389BEB0FF248;010073700E412000;1.1.0;DORAEMON  STORY OF SEASONS;db
FE9DDB64D10BF747;010001B005E5C000;1.1.0;Double Dragon 4;db
43B775EC81DB2B63;01006AE02236C000;1.30;Double Dragon Revive;db
114F5A2D5FE04446;0100566009238000;1.1.0;DragoDino;db
2AAE1B2FCD568359;0100A250097F0000;01.42;DRAGON BALL FIGHTERZ;extracted
E363F4466EE5E8BE;010035F022078000;2.0.74;DRAGON BALL Sparking! ZERO v2.0.7;extracted
93D7DE7F4CABC22C;010078D000F88000;1.21.01;DRAGON BALL Xenoverse 2;extracted
46C8BA904C2F37CB;0100A250097F0000;1.2.0;DRAGON BALL® FighterZ;db
7A06910A203E80B2;0100A250097F0000;1.3.0;DRAGON BALL® FighterZ;db
810A82B5C6FB347F;0100A250097F0000;1.10.0;DRAGON BALL® FighterZ;db
949F85FCF0608A26;0100A250097F0000;1.4.0;DRAGON BALL® FighterZ;db
CE094B2B58E4D0C8;0100A250097F0000;1.7.0;DRAGON BALL® FighterZ;db
E6C3FE55AD27891E;0100A250097F0000;1.5.0;DRAGON BALL® FighterZ;db
EF3A27C7A00FB584;0100A250097F0000;1.1.0;DRAGON BALL® FighterZ;db
8A716BF3F2D1B14B;010076202629E000;1.0.1;Dragon Loop;db
185A67621D9B8D61;010089700150E000;1.6.0;Dragon Marked for Death: Advanced Attackers;db
66D0494FB531F45F;010089700150E000;1.2.0;Dragon Marked for Death: Advanced Attackers;db
6E1FCDB58DDEA086;010089700150E000;1.14.0;Dragon Marked for Death: Advanced Attackers;db
70A2F7FC803E2D0E;010089700150E000;1.7.0;Dragon Marked for Death: Advanced Attackers;db
9B066ABB5E29B8FE;010089700150E000;1.10.0;Dragon Marked for Death: Advanced Attackers;db
E22EE1B82E5B8835;010089700150E000;1.11.0;Dragon Marked for Death: Advanced Attackers;db
E4114EB197E80CA8;010089700150E000;1.4.0;Dragon Marked for Death: Advanced Attackers;db
E671D5F4979F0CEA;010089700150E000;1.5.0;Dragon Marked for Death: Advanced Attackers;db
94B4FA4F36E01BE3;0100D7C01F254000;1.0.0;Dragon Quest 1-2 HD-2D Remake;extracted
1A0B233DC70B7F6E;010042000A986000;1.1.0;DRAGON QUEST BUILDERS™ 2;db
A6B07FF854883072;010042000A986000;1.4.0;DRAGON QUEST BUILDERS™ 2;db
F311F4B1E6F32BE0;010042000A986000;1.2.0;DRAGON QUEST BUILDERS™ 2;db
6F49452BD0B343B1;01003E601E324000;1.0.0;DRAGON QUEST III HD-2D Remake;extracted
6B72212DABB91A6F;0100A77018EA0000;1.0.2;DRAGON QUEST MONSTERS The Dark Prince;extracted
1719AABFA5EAE42B;01006C300E9F0000;1.3.0;DRAGON QUEST® XI S: Echoes of an Elusive Age – Definitive Edition;db
191270F5ED4DB907;01006C300E9F0000;1.1.0;DRAGON QUEST® XI S: Echoes of an Elusive Age – Definitive Edition;db
6B54B4BE4B1771F4;01006C300E9F0000;1.2.0;DRAGON QUEST® XI S: Echoes of an Elusive Age – Definitive Edition;db
2CDB9B9D70010E88;010032C00AC58000;1.1.0;Dragon's Dogma: Dark Arisen;db
41E7D227F248534E;0100ED200B6FC000;1.1.0;DreamWorks Dragons Dawn of New Riders;db
D5446193E5BC2E4C;0100750001C70000;1.4.0;Duck Game;db
2D31515A27C3ECEC;0100B2B00E7AA000;1.5.0;Dusk Diver;db
2D05E2FC4BED8CF5;010011C00E636000;1.1.0;Dusk Diver 酉閃町 -ダスクダイバー ユウセンチョウ-;db
E962BE62E05DDE43;0100B6E00A420000;1.3.0;Dust: An Elysian Tail;db
1C93F6946C012317;01004FF021942000;1.0.0;EA Sports FC 26;extracted
F2D740184944D73C;01005DE00D05C000;1.3.0;EA SPORTS™ FIFA 20 Nintendo Switch™ Legacy Edition;db
092E5781403F9625;010037400C7DA000;1.2.0;Eagle Island Twist;db
64D3B49F38C60F55;010037400C7DA000;1.1.0;Eagle Island Twist;db
448C08A9533F3CAD;0100DFC00E472000;1.1.0;Earthfall: Alien Horde;db
D75DBE0C21357141;01006E50042EA000;1.1.0;EARTHLOCK;db
A622CD4B4B1575F1;0100ED9018F3E000;1.0.5;Eiyuden Chronicle Hundred Heroes;extracted
F55824F5201DD704;0100ED9018F3E000;1.0.7;Eiyuden Chronicle: Hundred Heroes;db
44F516FB5C3D0125;0100771025398000;4.66.1;Elementallis;db
F35372F6362E4E05;0100128003A24000;1.1.0;Elliot Quest;db
0988BA5931F79147;01009D60076F6000;1.14.0;Enter the Gungeon;db
41353EF03C96CF44;01009D60076F6000;1.13.0;Enter the Gungeon;db
86B75B735E8CE94B;01009D60076F6000;1.7.0;Enter the Gungeon;db
B3116BD471906840;01009D60076F6000;1.10.0;Enter the Gungeon;db
E1CCDCCC11E3D04B;01009D60076F6000;1.9.0;Enter the Gungeon;db
71873FEB4648FA39;0100DCF0093EC000;1.5.0;Everspace™ - Stellar Edition;db
5D82F99CDE3C706D;01006F900BF8E000;1.0.1;Everybody 1-2-Switch!;extracted
9F334187B57BA085;0100ED100B160000;1.3.0;Evoland Legendary Edition;db
B853770C72416F65;0100ED100B160000;1.5.0;Evoland Legendary Edition;db
EA5C70AF7F4D8A4F;01008A6009758000;1.1.0;Fairune Collection;db
810604CB1D5B9DE9;010002300C632000;1.1.0;Fairy Fencer F™: Advent Dark Force;db
4FE377F89A528A42;01005A600BE60000;1.1.0;Fall of Light: Darkest Edition;db
7CCD2A88314A4448;0100AA801258C000;1.2.0;Fallen Legion Revenants;db
26CE9F3CC0393826;0100755017EE0000;2.1.2;FANTASY LIFE i: The Girl Who Steals Time;db
E226101567D1BE44;0100944003820000;1.3.0;Fantasy Strike;db
17F37A56B17DD9CC;01001E3017A10000;1.7.0.0;Farming Simulator 23 Nintendo Switch Edition;extracted
89647E6361E7CD48;01005AC0068F6000;1.2.0;Fear Effect Sedna;db
E3D0BA009ED53707;010097E00ADC2000;1.1.0;Feral Fury;db
907A0C5BB38C865F;0100FFA0093E8000;1.1.0;FIFA 19;db
1A9F7090D7FFFABC;0100C7D00E730000;1.1.0;Fight'N Rage;db
EB87BF4D8C40564A;0100C8200E942000;1.1.0;Fin and the Ancient Mystery;db
E1D8B399B787AE41;0100CE4010AAC000;1.0.3;FINAL FANTASY CRYSTAL CHRONICLES Remastered Edition;extracted
6B0BD4F481C41149;01000EA014150000;1.2.0;FINAL FANTASY I;extracted
C3E3F12D5C46367D;01006B7014156000;1.2.0;FINAL FANTASY II;extracted
A2FD98846A80B591;01002E2014158000;1.2.0;FINAL FANTASY III;extracted
820F132913929855;01004B301415A000;1.2.0;FINAL FANTASY IV;extracted
A49A739C07989244;01007EF00B094000;1.0.1;FINAL FANTASY IX;extracted
3CFD457814DD647F;010038B015560000;1.4.0;FINAL FANTASY TACTICS - The Ivalice Chronicles;db
AAAA1ED3B0A458D6;010038B015560000;1.2.0;FINAL FANTASY TACTICS - The Ivalice Chronicles;db
DA1AB2B0CFE122E6;010038B015560000;1.0.0;Final Fantasy Tactics the Ivalice Chronicles;extracted
398E519CEA82A9BD;0100AA201415C000;1.2.0;FINAL FANTASY V;extracted
E77331AA7883B588;0100AA001415E000;1.2.1;FINAL FANTASY VI;extracted
8CAAD5A4E142D2B8;0100A5B00BDC6000;1.0.3;FINAL FANTASY VII;extracted
99B42A70EC0234B5;0100A5B00BDC6000;1.1.0;FINAL FANTASY VII;db
7F59549F6E792936;01008B900DC0A000;1.0.1;FINAL FANTASY VIII Remastered;extracted
B899412D980F0B44;01008B900DC0A000;1.1.0;FINAL FANTASY VIII Remastered;db
1CE9F39DDB8A1A93;0100BC300CB48000;1.0.0;FINAL FANTASY X X-2 HD Remaster;extracted
598723C7A3D43935;0100EB100AB42000;1.1.0;FINAL FANTASY XII THE ZODIAC AGE;extracted
C2932C4D1C84ED7D;0100EB100AB42000;1.1.0;FINAL FANTASY XII THE ZODIAC AGE;db
CEED69743F258249;010068F00AA78000;1.1.0;FINAL FANTASY XV POCKET EDITION HD;extracted
352D01C0D629B74F;01001BA00AE4E000;1.1.0;Final Light, The Prison;db
19BA39BD3EE8131D;010055D009F78000;1.2.0;Fire Emblem™: Three Houses;db
47CA26D2AA77D0BA;010055D009F78000;1.1.0;Fire Emblem™: Three Houses;db
89048449BA238C8C;010055D009F78000;1.5.0;Fire Emblem™: Three Houses;db
9454F2C47F827602;010055D009F78000;1.3.0;Fire Emblem™: Three Houses;db
F0142D706FD2323B;010055D009F78000;1.4.0;Fire Emblem™: Three Houses;db
A44F64BA820EAA46;0100E7300AAD4000;1.1.0;Fitness Boxing;db
4427C1B4902C4449;01000A0004C50000;1.3.0;FLASHBACK™;db
45BC618B7067A346;010069400B6BE000;1.2.0;For The King;db
5105F83D319C8143;010069400B6BE000;1.4.0;For The King;db
7E00252E0CDC2E4C;010069400B6BE000;1.1.0;For The King;db
0B76EC521212FD1C;010079300AD54000;1.4.0;Full Metal Furies;db
4FEEEE035BD05141;01009D3008D20000;1.1.0;Furi;db
9CDFB0CD24CAE030;010024700901A000;1.4.0;Gal*Gun 2;db
B887D7FF382CD64F;01000FA00A4E4000;1.1.0;Garage;db
261FA67F1C963A1C;010025500C098000;1.4.0;Gato Roboto;db
CD94FCB8CC23B24A;010065E003FD8000;1.2.0;Gear.Club Unlimited;db
5441813A911B7B45;0100EEB005ACC000;1.1.0;Ghost 1.0;db
0FE6747D03EBA4E3;0100EAE00D9EC000;1.2.0;Ghostbusters: The Video Game Remastered;db
5AAA63BEF45A8C0A;0100EAE00D9EC000;1.1.0;Ghostbusters: The Video Game Remastered;db
703E05C8FA44594E;0100A9500C606000;1.2.0;Ghoulboy;db
91A6639441289B4C;0100A9500C606000;1.1.0;Ghoulboy;db
8D4FD57DB7D63120;01001CC01B2D4000;1.0.7.6;Goat Simulator 3;extracted
AA9E5E7A799D8CB0;010032600C8CE000;1.3.0;Goat Simulator: The GOATY;db
E717DF86CE42CD4D;010067C010F88000;1.2.0;Goblin Sword;db
368CDF823B83A54B;01001C700873E000;1.9.0;GOD EATER 3;db
769CE69FD09F7EC6;01001C700873E000;1.3.0;GOD EATER 3;db
9ED444678B20813A;01001C700873E000;1.1.0;GOD EATER 3;db
F43BDC91FC97E529;01001C700873E000;1.6.0;GOD EATER 3;db
3A0835D09F6D1544;0100F3D00B032000;1.1.0;GOD WARS The Complete Legend;db
FCEDEA4C677DD643;0100779004172000;1.1.0;Golf Story;db
35A57D42AE79F44B;01009B201A95E000;1.0.2;Gothic Classic;extracted
233EF0208ADFEF4F;010038D00EC88000;1.1.0;Grand Brix Shooter;db
6FB56071CCB321B6;010065A014024000;1.0.0;Grand Theft Auto San Andreas – The Definitive Edition;extracted
034886422B6F840B;0100E0600BBC8000;1.1.0;GRANDIA HD Collection;db
00A4A69C29C73B42;010074E0099FA000;1.1.0;Grave Danger;db
10BE30FEAD5AD443;0100B6800B5C8000;1.3.0;Graveyard Keeper;db
536E86A461401F9F;01007E100456C000;1.1.0;Guacamelee! 2;db
FBE5462B68407E75;01007E100456C000;1.3.0;Guacamelee! 2;db
1953770037ACC52A;01009EB00DC76000;1.5.0;Gun Gun Pixies;db
C6A4443809D9FA0A;01003C6008940000;1.3.0;GUNBIRD for Nintendo Switch;db
BBF599D8F665FF4A;01006D4003BCE000;1.3.0;Guns, Gore and Cannoli 2;db
9E885A66C9CA0DE1;01008C800E654000;1.1.0;Gunvolt Chronicles Luminous Avenger iX - Retail Version;db
E90D985D706DF59F;01008C800E654000;1.4.0;Gunvolt Chronicles Luminous Avenger iX - Retail Version;db
4584432786F462DB;0100AC601DCA8000;1.2;GYLT;extracted
6BC96AB409D90D32;01007E100EFA8000;1.1.0;Habroxia;db
E4F736641889B26F;0100A00019DE0000;1.0.0;Hades 2;extracted
B628EA55D8E98844;01003620068EA000;1.5.0;Hand of Fate 2;db
B6CBCDC9BCAEACD7;0100DBD02145C000;1.0.0;Harvest Moon Skytree Village;extracted
DD21320DFBC2DA2B;010098502145A000;1.0.0;Harvest Moon the Lost Valley;extracted
841ACBA67F588DF5;0100EAB0183F4000;1.2.0;Harvest Moon The Winds of Anthos;extracted
5E5037019143C748;0100766008ADE000;1.1.0;Harvest Moon: Light of Hope Special Edition;db
021E57FE033A4343;010085500F6B6000;1.1.0;HAUNTED: Halloween '86;db
9B3DDF2FB9100E51;010044500CF8E000;1.1.0;Hellblade: Senua's Sacrifice;db
2144E3740A714489;01004B100A5CC000;1.3.0;Hob: The Definitive Edition;db
4E7978E35F9D7490;01004B100A5CC000;1.4.0;Hob: The Definitive Edition;db
FB968CFB649A5842;0100633007D48000;1.4.3.2;Hollow Knight;extracted
1D71738C36145136;010013C00E930000;1.0.0;Hollow Knight Silksong;extracted
0FD4CFFBE940D846;01009EA00B714000;1.10.0;Horizon Chase Turbo;db
C4155F1414558E45;01009EA00B714000;1.15.0;Horizon Chase Turbo;db
DC0392FB78995746;01009EA00B714000;1.7.0;Horizon Chase Turbo;db
E807E56DB799DA40;01009EA00B714000;1.12.0;Horizon Chase Turbo;db
FC03E9C290B99944;01009EA00B714000;1.13.0;Horizon Chase Turbo;db
FD04FC9F3849184D;01009EA00B714000;1.11.0;Horizon Chase Turbo;db
84F3EBF079D0C34D;0100E1A00AF40000;1.1.0;Hungry Shark® World;db
815A2C19D1767896;0100AE00096EA000;1.0.1;Hyrule Warriors Definitive Edition;extracted
0BBA2167AED893BE;0100849000BDA000;1.1.0;I Am Setsuna;db
C4E16EE40AFB432F;01002DE026100000;1.0.1;I Hate This Place;db
799D52EEAAF76B47;01004E5007E92000;1.1.0;Ice Age Scrat's Nutty Adventure!;db
4E1C499387103542;0100BC60099FE000;1.1.0;Iconoclasts;db
360954416F3AE3BF;01009F20086A0000;1.2.0;Ikaruga;db
6CB42A082864095C;01009F20086A0000;1.1.0;Ikaruga;db
DB367E57EDA9E84F;01000F400435A000;1.1.0;Immortal Redneck;db
70F3F6751D73C644;01004A600EC0A000;1.3.4;Immortals Fenyx Rising;extracted
1967A586CA3F9594;0100737003190000;1.1.0;IMPLOSION;db
257FF7EDDEDD1E46;0100D2D009028000;1.0.0;INSIDE;extracted
6C2E85A41EB3FB4A;01000F700DECE000;1.1.0;Into the Dead 2;db
9725CCAA784BE34C;010063E0104BE000;1.1.0;Is It Wrong to Try to Pick Up Girls in a Dungeon? Familia Myth Infinite Combate;db
FBB317949968AC41;01004070022F0000;1.2.0;Ittle Dew 2+;db
1487C206EDF65B45;0100340009736000;1.1.0;Jotun: Valhalla Edition;db
1CC0F472AAA0CB44;0100C7600F654000;1.3.0;Juicy Realm;db
5EB90226E5A2AA45;0100C7600F654000;1.1.0;Juicy Realm;db
C72372C4BD3F9E47;0100C7600F654000;1.4.0;Juicy Realm;db
54E9C7460334EEB4;0100B4D00C76E000;1.1.0;JUMANJI: The Video Game;db
D6C9DBF85148992E;0100BEE017FC0000;1.0.4;Just Dance 2023;extracted
48BCB6087DCA2090;010075600AE96000;1.1.0;Just Dance® 2019;db
6674D85B7A37A96F;0100DDB00DB38000;1.1.0;Just Dance® 2020;db
8728EFBC0732AA2F;010035A0044E8000;1.1.0;JYDGE;db
158A7F586431982E;010029600D56A000;1.4.0;Katana ZERO;db
7A450848CFDEC18E;010021601C496000;1.9.6;Kingdom Come Deliverance Royal Edition;extracted
B1C0E2F9DBF2ADFB;010046200FC62000;1.2.0;Kingdom Rush Frontiers;db
A6CE40DC3AEDB1BE;01004D300C5AE000;1.1.0;Kirby and the Forgotten Land;extracted
738AE024B3AECB69;0100227010460000;1.0.0;Kirby Fighters 2;extracted
D55608916FA56C18;01007E3006DDA000;4.0.0;Kirby Star Allies;extracted
40F973CE3B5EC8D7;0100830004FB6000;1.2.0;L.A. Noire;db
A70B9EB509780B4A;010058500B3E0000;1.4.0;Labyrinth of Refrain: Coven of Dusk;db
5FC92359462FAD47;010022D0089AE000;1.3.0;Labyrinth of the Witch;db
CE1D6113B65F2914;0100739018020000;1.16;LEGO 2K Drive;extracted
94A26DC37B20F4AD;010038A01628A000;1.0.6.1;LEGO Brawls;extracted
C64B66CB63865BA0;01005EE0140AE000;3.0.1;LEGO Builder's Journey;extracted
EC593A5F9552100A;010042D00D900000;1.10.0;LEGO Star Wars The Skywalker Saga;extracted
8174C89125B5404E;0100838002AEA000;1.3.2;LEGO Worlds;extracted
7B021C62485D604C;010085500130A000;1.2.0;LEGO® CITY Undercover;db
669F6E70C268F748;01003A30012C0000;1.2.0;LEGO® CITY Undercover;db
711C52FC37606D45;010070D009FEC000;1.8.0;LEGO® DC Super-Villains;db
01C46C3E39C5370F;010052A00B5D2000;1.1.0;LEGO® Harry Potter™ Collection;db
1B80403BE8882745;01001C100E772000;1.1.0;LEGO® Jurassic World;db
20CD49F2BA64744D;0100D3A00409E000;1.6.0;LEGO® Marvel Super Heroes 2;db
E21EAE8CB8581043;01007690040A0000;1.6.0;LEGO® Marvel Super Heroes 2;db
2103782A9AE5384E;0100A01006E00000;1.2.0;LEGO® The Incredibles;db
414D247F3FD8084E;0100A01006E00000;1.2.0;LEGO® The Incredibles;db
EC34FB71507C2B42;0100E7500BF84000;1.4.0;LEGRAND LEGACY: Tale of the Fatebounds;db
EC44B11E05094DB2;0100D7701692E000;1.2;Let's Sing 2023;extracted
2C58E186F9664C38;01001C101ED10000;1.1;Let's Sing 2025;extracted
6CBB3B19C992634F;01003AB00983C000;1.2.0;Lethal League Blaze;db
F94D4262F0311E4D;01008C300648E000;1.3.0;Letter Quest Remastered;db
F7FED63330B41BF7;01001A8015506000;1.0.0;Let’s Play! Oink Games;extracted
FF8EFD0E0E71BB03;0100B2301F4A8000;1.0.2;Life is Strange Double Exposure;extracted
DE4F2AB4297A0693;01009C8009026000;1.0.2;LIMBO;extracted
C5E620C6A70F8A14;01000A4019FA2000;1.25.9.19;Little Kitty, Big City;extracted
91A185977872841B;01002FC00412C000;1.0.0;Little Nightmares Complete Edition;extracted
23DE09333E8A3EE2;01002FC00412C000;1.2.0;Little Nightmares Complete Edition;db
641A9243BA35C638;010077B0038B2000;1.5.0;LOST SPHEAR;db
06A06F7F844B3048;010041100CE7E000;1.7.0;Lovecraft´s Untold Stories;db
39E84E8CA98F7445;010041100CE7E000;1.2.0;Lovecraft´s Untold Stories;db
603713F56498A749;010041100CE7E000;1.1.0;Lovecraft´s Untold Stories;db
6A508FAE5EE5A625;01007250089F8000;1.1.0;LoveR Kiss（ラヴアール キス）;db
A71EC0B9FF4F54CB;010048701995E000;1.0.0;Luigis Mansion 2 HD;extracted
79E5950FFA85ACF6;0100DCA0064A6000;1.4.0;Luigi’s Mansion 3;extracted
075AD583A1603F84;0100DCA0064A6000;1.1.0;Luigi’s Mansion™ 3;db
788DD38AD97F1D12;0100DCA0064A6000;1.4.0;Luigi’s Mansion™ 3;db
A27C9BA72927796A;0100DCA0064A6000;1.3.0;Luigi’s Mansion™ 3;db
F97DD29858242FF8;010063D024008000;1.0.0.1;LumenTale: Memories of Trey;db
BCEB97447A39F9FE;0100711022E24000;1.2.0;Lynked: Banner of the Spark;db
8EB9F6FB15B3428B;0100F2400D434000;1.6.0;MachiKnights -Blood bagos-;db
07CDECB2CFDB33DB;01008F000E908000;1.2.0;Mad Bullets;db
DE32B7731B63FE48;0100549008C9C000;1.1.0;Mages of Mystralia;db
527A6996351DF24F;01005A700CC3C000;1.2.0;Mana Spark;db
4991BC2B0F1795EA;010086000E148000;1.0.1;Mario & Sonic at the Olympic Games Tokyo 2020;extracted
3B39E0C06B8841F1;010067300059A000;1.9.589692;Mario + Rabbids Kingdom Battle;extracted
C83882F4352BC4D9;0100C9C00E25C000;4.0.0;Mario Golf Super Rush;extracted
FE941ED5BA14BE5D;0100152000022000;3.0.5;Mario Kart 8 Deluxe;extracted
1CD9216A21737FB4;0100152000022000;1.5.0;Mario Kart™ 8 Deluxe;db
96DFD1769E560C27;0100152000022000;1.8.0;Mario Kart™ 8 Deluxe;db
FE1B230800D4933C;0100152000022000;1.9.0;Mario Kart™ 8 Deluxe;db
2841E26D7FB8AA17;01006FE013472000;1.1.1;Mario Party Superstars;extracted
2E90F0815B1F92A1;010019401051C000;1.3.2;Mario Strikers Battle League;extracted
32487E7E3D94954E;0100BDE00862A000;3.1.1;Mario Tennis Aces;extracted
4B9A64DED26C6E46;0100BDE00862A000;1.6.0;Mario Tennis™ Aces;db
88EF9ECB522D12DB;0100BDE00862A000;1.7.0;Mario Tennis™ Aces;db
9FDA2C32E8DE3EBF;0100BDE00862A000;1.10.0;Mario Tennis™ Aces;db
A85C59AEDF83E5C9;0100BDE00862A000;1.11.0;Mario Tennis™ Aces;db
A9B238505A969318;0100BDE00862A000;1.9.0;Mario Tennis™ Aces;db
F5942324C223CD16;0100BDE00862A000;1.8.0;Mario Tennis™ Aces;db
43AE51EE9766867D;0100B99019412000;1.0.1;Mario vs. Donkey Kong;extracted
AE324830FE37FC72;01009A700A538000;1.2.0;Mark of the Ninja: Remastered;db
066E47B7E18919A7;010060700AC50000;1.6.0;MARVEL ULTIMATE ALLIANCE 3: The Black Order;db
5ED21FB245DE6FD6;010060700AC50000;1.1.0;MARVEL ULTIMATE ALLIANCE 3: The Black Order;db
667B85FE3416042D;010060700AC50000;1.5.0;MARVEL ULTIMATE ALLIANCE 3: The Black Order;db
BB1B99313A37497B;010060700AC50000;1.3.0;MARVEL ULTIMATE ALLIANCE 3: The Black Order;db
F92C9527298B5CCE;010060700AC50000;1.4.0;MARVEL ULTIMATE ALLIANCE 3: The Black Order;db
42C33871BE7A6DA3;010069301E220000;1.0.0;MARVEL vs. CAPCOM Fighting Collection Arcade Classics;extracted
B1FC6FB94ECE1DF1;01003DE00C95E000;1.3.0;Mary Skelter 2;db
B2C87992DA9CE1E8;01003DE00C95E000;1.1.0;Mary Skelter 2;db
C16E154E683D7EB8;01003DE00C95E000;1.4.0;Mary Skelter 2;db
B1C8B55E8D400E57;0100CC7009196000;1.1.0;Masters of Anima;db
047FDD0C5AF5F1C5;0100B0C0086B0000;1.1.0;Mega Man 11;db
381EBB12FB9A8C78;01002D4007AE0000;1.1.0;Mega Man Legacy Collection;db
2A38895C5E732182;010025C00D410000;1.3.0;Mega Man Zero/ZX Legacy Collection;db
B657840C3D2D554E;0100273008FBC000;1.1.0;Mercenaries Saga Chronicles;db
D76D38B9E285E4CC;01002DE00E5D0000;1.1.0;Metaloid: Origin;db
646761F643AFEBB3;010093801237C000;2.1.0;Metroid Dread;extracted
8275FBE1EC5191C2;010019A01E2F2000;1.0.0;Metroid Prime 4 Beyond;extracted
67C9CA1428222752;010012101468C000;1.0.0;Metroid Prime Remastered;extracted
9E312DC34E8BD7A2;0100CAC01C2E4000;1.0.0;Mighty Morphin Power Rangers Rita's Rewind v1.0.0;extracted
1269C1762052808D;01007C6012CC8000;1.18.19068.0;Minecraft Legends;extracted
5176E298CDD82227;01006BD001E06000;1.17.0;Minecraft: Nintendo Switch Edition;db
72353029E0DD9843;010034E00EFD0000;1.3.0;MISTOVER;db
9B3B5F6D3D95AE4C;010034E00EFD0000;1.7.0;MISTOVER;db
D9C5D440EA56B37B;01004A400C320000;1.3.0;Momodora: Reverie Under the Moonlight;db
FE50C0F9760F4343;0100FBD00ED24000;1.1.0;MONKEY BARRELS;db
6911A0B8B685E532;0100F3A00FB78000;1.1.0;Mononoke Slashdown;db
78440BAC00D01742;01007430037F6000;1.0.5;MONOPOLY for Nintendo Switch;extracted
DEAF99CA8A5C5F0B;01005FF013DC2000;1.0.0;MONOPOLY Madness;extracted
107A4D01B1BF5D44;01006F7001D10000;1.3.0;Monster Boy and the Cursed Kingdom;db
7DD8AFC6A77AFBB3;01006F7001D10000;1.5.0;Monster Boy and the Cursed Kingdom;db
EE7693162065F488;01006F7001D10000;1.2.0;Monster Boy and the Cursed Kingdom;db
FF7BE16D88B0C439;01006F7001D10000;1.4.0;Monster Boy and the Cursed Kingdom;db
91A0F7E64876346E;0100770008DD8000;1.2.0;Monster Hunter Generations Ultimate™;db
FB08F1D20FD1204F;0100770008DD8000;1.4.0;Monster Hunter Generations Ultimate™;db
5CAC0323CCBC04BF;0100B04011742000;1.0.0;MONSTER HUNTER RISE;extracted
EF7D3141FAAEDD80;010069301B1D4000;1.2.1;Monster Hunter Stories;extracted
341CD937B9A177A5;0100D1700C732000;1.1.0;Monster Slayers;db
BBF3F7535ED52140;0100F4700B2E0000;1.4.0;Moonlighter;db
CD63653C77E52D44;0100F4700B2E0000;1.5.0;Moonlighter;db
A757CC723F059240;0100776003F0C000;1.2.0;Morphite;db
A446D1E967710943;01006560184E6000;1.3.0;Mortal Kombat 1;extracted
0A62BA391B96F85A;0100F2200C984000;1.5.0;Mortal Kombat 11;db
253CE7FF39EA6DD8;0100F2200C984000;1.14.0;Mortal Kombat 11;db
42F093AFB5ED34E2;0100F2200C984000;1.2.0;Mortal Kombat 11;db
452A442F3D18086D;0100F2200C984000;1.4.0;Mortal Kombat 11;db
5CC95226DBAAAE04;0100F2200C984000;1.11.0;Mortal Kombat 11;db
600436311AFC7F24;0100F2200C984000;1.3.0;Mortal Kombat 11;db
618A891E4A49D835;0100F2200C984000;1.13.0;Mortal Kombat 11;db
6EE15D1E9BC5CE90;0100F2200C984000;1.6.0;Mortal Kombat 11;db
7DD420A59EE310DD;0100F2200C984000;1.10.0;Mortal Kombat 11;db
DFE3C7C2880CE91D;0100F2200C984000;1.12.0;Mortal Kombat 11;db
61A564531B665643;01008E200C5C2000;1.1.0;Muse Dash;db
B1B728101DD359DA;0100E6B00DEA4000;1.4.0;Mutant Year Zero: Road to Eden - Deluxe Edition;db
EB33B25F08668B19;0100E6B00DEA4000;1.2.0;Mutant Year Zero: Road to Eden - Deluxe Edition;db
11428E3E3BEC214E;010031200B94C000;1.3.0;My Friend Pedro;db
CC7797E4EF90C248;010031200B94C000;1.1.0;My Friend Pedro;db
6B8A78EA6780099A;01007E700DBF6000;1.1.0;MY HERO ONE'S JUSTICE 2;db
0F91DA8517FF2C47;0100E25008E68000;1.7.0;My Time at Portia;db
5A8D16ACE656D54B;0100E25008E68000;1.2.0;My Time at Portia;db
5FC2C9CE6C79D64A;0100E25008E68000;1.5.0;My Time at Portia;db
7A11FEE67D77DF44;0100E25008E68000;1.6.0;My Time at Portia;db
981A2D07E0947446;0100E25008E68000;1.4.0;My Time at Portia;db
DD16F4688AB7004B;0100E25008E68000;1.3.0;My Time at Portia;db
188F1ED1673FACBD;010072B00BDDE000;1.3.0;Narcos: Rise of the Cartels;db
D9C42D45D9850C58;0100D2D0190A4000;1.0.1;NARUTO X BORUTO Ultimate Ninja STORM CONNECTIONS;extracted
0CF694C10AF10FA8;01001AE00C1B2000;1.1.0;NBA 2K Playgrounds 2;db
689CA7B6CE68BF90;01001AE00C1B2000;1.3.0;NBA 2K Playgrounds 2;db
A9FB2947A86384AA;01001AE00C1B2000;1.4.0;NBA 2K Playgrounds 2;db
BD81FEF7E65A788B;01001AE00C1B2000;1.7.0;NBA 2K Playgrounds 2;db
C38678C1D242D6F5;01001AE00C1B2000;1.10.0;NBA 2K Playgrounds 2;db
EBE7B75A6C67814A;01001AE00C1B2000;1.5.0;NBA 2K Playgrounds 2;db
799D1061182C1302;010029B0118E8000;1.0.3;Need For Speed Hot Pursuit Remastered;extracted
4A30E3F987FB714A;010023500B0BA000;1.3.0;Nefarious;db
FBD5D6C83ED9A340;0100E5500B020800;1.2.0;Neko Navy Daydream Edition;db
61CDD17992865CF4;01006ED00BC76000;1.2.0;Nelke & the Legendary Alchemists ~Ateliers of the New World~;db
DA9DEFDD10820BE9;0100A6B01712C000;1.0.0;Never Alone Arctic Collection;extracted
274132861EAA8465;01003A9013DEE000;1.0.1;NEW Joe & Mac - Caveman Ninja;db
DDB900FF04A912ED;0100F4300BF2C000;2.0.1;New Pokemon Snap;extracted
878C20B66512E926;010082900C5FA000;1.2.0;New Star Manager;db
14872049185C584C;010017700B6C2000;1.3.0;New Super Lucky's Tale;db
9ACB46936749F543;010017700B6C2000;1.2.0;New Super Lucky's Tale;db
45F10C499223A9E4;0100E5600D446000;1.1.0;Ni no Kuni: Wrath of the White Witch;db
C32B29CB5FBA96D9;0100E5600D446000;1.2.0;Ni no Kuni: Wrath of the White Witch;db
C0679CF9817AEE84;0100DCF013740000;1.0.13;Nickelodeon All-Star Brawl;extracted
CBF7D5560B5F8DD0;010010701AFB2000;1.4.0;Nickelodeon All-Star Brawl 2;extracted
930224D5FAD400DE;0100BD900A3FC000;1.0.4;Nickelodeon Kart Racers;extracted
F7DE0EBC3764568A;0100D6200933C000;1.3.0;Nickelodeon Kart Racers;db
DA8508CB23880BA8;0100EBC00FE14000;1.0.3;Nickelodeon Kart Racers 2 Grand Prix;extracted
1D7EB821639F9BB7;01003BA01575E000;1.0.0;Nickelodeon Kart Racers 3 Slime Speedway;extracted
98397A1041989465;010056B015FE8000;1.0;NieR:Automata The End of YoRHa Edition;db
023D9CE57D7FF64B;01005F4009112000;1.3.0;Nightmare Boy: The New Horizons of Reigns of Dreams, a Metroidvania journey with little rusty nightmares, the empire of knight final boss;db
BE7051CB9022834A;01005F4009112000;1.2.0;Nightmare Boy: The New Horizons of Reigns of Dreams, a Metroidvania journey with little rusty nightmares, the empire of knight final boss;db
81DA4F9E1E961CA6;0100628004BCE000;1.1.0;Nights of Azure 2: Bride of the New Moon;db
F7893E37FC10C803;0100D03003F0E000;1.4.0;Nine Parchments;db
30EB5848188B9611;010037A0170D2000;1.0.0;NINTENDO 64 Nintendo Switch Online 18+ 1.0.0;extracted
FA130D66B023C501;0100C9A00ECE6000;1.0.0;Nintendo 64 – Nintendo Switch Online;extracted
7869289F9A82A7AC;0100D870045B6000;1.0.0;Nintendo Entertainment System - Nintendo Switch Online;extracted
2F6883E890A578CE;0100D2F00D5C0000;1.0.0;Nintendo Switch Sports;extracted
C9ABDB1674CBED09;0100853015E86000;4.7.2;No Man's Sky;extracted
920C5E25051824EC;0100CFE00CE6E000;1.1.0;Nuclear Throne;db
4D4FCFD3BE47484A;010074600CC7A000;1.10.0;OBAKEIDORO!;db
710B99C18AA32240;010074600CC7A000;1.9.0;OBAKEIDORO!;db
3AD80BD8CFCB3423;01007D7001D0E000;1.1.0;Oceanhorn - Monster of Uncharted Seas;db
65619A04B8A04B10;0100A3501946E000;1.0.2;OCTOPATH TRAVELER II;extracted
07A71ACE45B7D6AE;010057D006492000;1.3.0;Octopath Traveler™;db
72FD3930FAC64F21;010057D006492000;1.1.0;Octopath Traveler™;db
D2D9A400F18D3749;010057D006492000;1.3.0;Octopath Traveler™;db
159108E2E30C21FF;01002EA00ABBA000;1.1.0;Oddworld: Stranger's Wrath;db
542B1D1D14978B82;01002EA00ABBA000;1.2.0;Oddworld: Stranger's Wrath;db
ED461DD4749922FF;01002310064B4000;1.2.0;OF MICE AND SAND -REVISED-;db
4CD08D3EDAEF044C;010079200E85C000;1.1.0;Omega Labyrinth Life;db
E50048278D47174F;010079200E85C000;1.4.0;Omega Labyrinth Life;db
B4EA705A8FAEDAAE;0100BA400E2F4000;1.8.1;ONE PIECE PIRATE WARRIORS 4;extracted
F1546B842FCF9D6C;0100574002AF4000;1.0.0;ONE PIECE Unlimited World Red Deluxe Edition;extracted
C8F7A25E31377144;01001AF00CE54000;1.1.0;ONINAKI;db
C949E2576F532C43;01001AF00CE54000;1.2.0;ONINAKI;db
9C4F2A47916B6A54;010061D00DB74000;1.1.0;Ori and the Blind Forest: Definitive Edition;db
CD9AF768102ED946;01003DC0144B6000;1.1.15.1027;Outer Wilds;extracted
C3D46BB3C7059DB1;01008D4007A1E000;1.1.0;Outlast: Bundle of Terror;db
528F3262A75E4EA8;01005F000CC18000;1.3.0;OVERWHELM;db
E74395F066FD8CCB;0100A3900C3E2000;1.0.1;Paper Mario The Origami King;extracted
195F719B92A2C447;01009B9017D8E000;1.0.1;Pascal's Wager: Definitive Edition;db
5E05A7B35EEF7845;01009B9017D8E000;1.0.0;Pascal's Wager: Definitive Edition;db
93301EE57E1E4A4E;0100A56006CEE000;1.1.0;Pawarumi;db
9E37B240FAB20AB0;0100063005C86000;1.1.0;Phantom Breaker: Battle Grounds Overdrive;db
342A165CC42E997E;0100AA80194B0000;1.0.0;Pikmin 1;extracted
B23A43495191E7AD;0100D680194B2000;1.0.0;Pikmin 2;extracted
D467F5AD367BBEE8;0100F4C009322000;1.1.1;Pikmin 3 Deluxe;extracted
060F827BD2B38703;0100B7C00933A000;1.1.1;Pikmin 4;extracted
A40DA7C8DE72FA41;0100D6200E130000;1.1.0;Pillars of Eternity: Complete Edition;db
324EB3403DD14441;01002BA00D662000;1.5.0;Pine;db
5363156258DD6C42;01002BA00D662000;1.4.0;Pine;db
A38595D6DD8F6F4F;01002BA00D662000;1.2.0;Pine;db
4B171B8F549B7948;0100E4D00A690000;1.5.0;PixelJunk™ Monsters 2;db
69EAFA18249C0E9E;010072400E04A000;6.40.0;Pokemon Cafe Mix;extracted
5F67CE84206529F8;010008C01E742000;1.1.0;Pokemon Friends;extracted
5831EC64D6B696FD;0100187003A36000;1.0.2;Pokemon Let's Go, Eevee;extracted
C208DB6A4EF4361F;010003F003A34000;1.0.2;Pokemon Let's Go, Pikachu;extracted
CA19D0695861144B;01003D200BAA2000;1.0.2;Pokemon Mystery Dungeon Rescue Team DX;extracted
38F59CBDA2EB9C44;010018E011D92000;1.3.0;Pokemon Shining Pearl;extracted
49690BA2EFDCD7A7;0100B3F000BE2000;1.3.3;Pokken Tournament DX;extracted
94CEAE325C205C4B;0100000011D90000;1.3.0;Pokémon Brilliant Diamond;extracted
6A339FE6032F5ECD;0100554023408000;1.0.0;Pokémon FireRed Version (English Ver.);extracted
26495A5EACB806A9;01004B3023412000;1.0.0;Pokémon FireRed Version (French Ver.);extracted
21F91CE6A1F4AE0D;01007F8023416000;1.0.0;Pokémon FireRed Version (German Ver.);extracted
25C4FA137A27DBF1;010092302342A000;1.0.0;Pokémon FireRed Version (Italian Ver.);extracted
75A8220063890BCD;01006FA0233F8000;1.0.0;Pokémon FireRed Version (Japanese Ver.);extracted
6C9770F51B9FF125;0100EB702342C000;1.0.0;Pokémon FireRed Version (Spanish Ver.);extracted
A8DD9BCC29745AE5;010034D02340E000;1.0.0;Pokémon LeafGreen Version (English Ver.);extracted
0AD290130BA7A758;010087C02342E000;1.0.0;Pokémon LeafGreen Version (French Ver.);extracted
0ADB6989E3B08EC7;0100FD6023430000;1.0.0;Pokémon LeafGreen Version (German Ver.);extracted
BB9F6993C7D8588B;01005C7023432000;1.0.0;Pokémon LeafGreen Version (Italian Ver.);extracted
649312BB01B5B657;0100F1E0233FA000;1.0.0;Pokémon LeafGreen Version (Japanese Ver.);extracted
785613AB70274269;01002B5023434000;1.0.0;Pokémon LeafGreen Version (Spanish Ver.);extracted
7FCAD279539DE183;01001F5010DFA000;1.0.0;Pokémon Legends: Arceus;manual
5E42071600D2BF1D;01001F5010DFA000;1.0.1;Pokémon Legends: Arceus;manual
BEF291F2639F7AFE;01001F5010DFA000;1.0.2;Pokémon Legends: Arceus;manual
66F15C281EFA7ADD;01001F5010DFA000;1.1.0;Pokémon Legends: Arceus;manual
AEE8F150DDA1B5A8;01001F5010DFA000;1.1.1;Pokémon Legends: Arceus;manual
B1F12FD919EAE86A;0100F43008C44000;2.0.2;Pokémon Legends: Z-A;manual
7222E13ECF6ADB32;0100F43008C44000;1.0.0/1.0.1;Pokémon Legends: Z-A;manual
7FC4289C78877148;0100F43008C44000;1.0.2;Pokémon Legends: Z-A;manual
179C3843B984F878;0100F43008C44000;1.0.3;Pokémon Legends: Z-A;manual
8A1C86C437394B69;0100F43008C44000;2.0.0;Pokémon Legends: Z-A;manual
BCE5D5393B5AA3A8;0100F43008C44000;2.0.1;Pokémon Legends: Z-A;manual
9DDA1EFEEF70DE46;01003D200BAA2000;1.1.0;Pokémon Mystery Dungeon™: Rescue Team DX;db
421C5411B487EB4D;0100A3D008C5C000;3.0.1/4.0.0;Pokémon Scarlet;manual
B26A631109A29124;0100A3D008C5C000;1.0.1;Pokémon Scarlet;manual
A4B74EBC314F616A;0100A3D008C5C000;1.1.0;Pokémon Scarlet;manual
8382EAA890A804FD;0100A3D008C5C000;1.2.0;Pokémon Scarlet;manual
6EE2D5E3216EBDA5;0100A3D008C5C000;1.3.0;Pokémon Scarlet;manual
0C999DA0EE2D3703;0100A3D008C5C000;1.3.1;Pokémon Scarlet;manual
ABC7DDA36B4BD5ED;0100A3D008C5C000;1.3.2;Pokémon Scarlet;manual
5E6184BF537537E9;0100A3D008C5C000;2.0.1;Pokémon Scarlet;manual
C0D85FF5B8C86436;0100A3D008C5C000;2.0.2;Pokémon Scarlet;manual
C01884F294C053C4;0100A3D008C5C000;3.0.0;Pokémon Scarlet;manual
DBDDD13845ACD2BD;01008DB008C2C000;1.3.1;Pokémon Shield;manual
3518BF2EAD557FE6;01008DB008C2C000;1.3.0;Pokémon Shield;manual
BDD027F80FAB4EF4;01008DB008C2C000;1.1.0;Pokémon Shield + Pokémon Shield Expansion Pass;db
490648316CC1CCDC;0100ABF008968000;1.1.0;Pokémon Sword;db
4628A512B1D93D37;0100ABF008968000;1.3.1;Pokémon Sword;manual
479BD2B581F4BC6A;0100ABF008968000;1.3.0;Pokémon Sword;manual
709BFD6611529864;01008F6008C5E000;3.0.1/4.0.0;Pokémon Violet;manual
959ED651BF1AE0CC;01008F6008C5E000;1.0.0;Pokémon Violet;manual
F7F74F8045642CBE;01008F6008C5E000;1.0.1;Pokémon Violet;manual
14C369FA85B5D3CB;01008F6008C5E000;1.1.0;Pokémon Violet;manual
92A2F1DDB9523799;01008F6008C5E000;1.2.0;Pokémon Violet;manual
AC70E41BB699CB9F;01008F6008C5E000;1.3.0;Pokémon Violet;manual
296DA6688BA61D11;01008F6008C5E000;1.3.1;Pokémon Violet;manual
268D5164C2AE5607;01008F6008C5E000;1.3.2;Pokémon Violet;manual
B4CAFC49EF25A6D5;01008F6008C5E000;2.0.1;Pokémon Violet;manual
16E9D76755ED0948;01008F6008C5E000;2.0.2;Pokémon Violet;manual
E335DE2BF4DCD951;01008F6008C5E000;3.0.0;Pokémon Violet;manual
DCD187E409188AB1;0100187003A36000;1.1.0;Pokémon™: Let’s Go, Eevee!;db
D5D5567049FA0D15;010003F003A34000;1.1.0;Pokémon™: Let’s Go, Pikachu!;db
8EC6B5335D7CA09E;01007BB017812000;1.0.0;Portal;extracted
4F3D7062D176246D;0100437004170000;1.2.0;Portal Knights;db
CF6726CDEC67C44F;0100E1E00CF1A000;1.10.0;Power Rangers: Battle for the Grid - Retail Version;db
2C1B5B88D07D8B61;0100210019428000;1.3.0;Prince of Persia The Lost Crown;extracted
F89CC6C0AE94744C;01001CF00AD06000;1.3.0;Psyvariar Delta;db
B01D8EA969DC1CCC;01001DE005012000;1.2.0;Quest of Dungeons;db
A9BAB930855CED47;0100E5400BE64000;1.2.0;R-Type Dimensions EX;db
D13345DE88C6F94F;0100E5400BE64000;1.1.0;R-Type Dimensions EX;db
539E6BDF2B110885;01005BF00E4DE000;1.2.0;Rabi-Ribi;db
78885A1CA987C04C;010000600CD54000;1.2.0;Rad Rodgers Radical Edition;db
8AC5AB12589A13BE;0100DA400E07E000;1.1.0;Radiation City;db
F466DA1D713533C2;01005FF002E2A000;1.2.0;Rayman® Legends Definitive Edition;db
F0B678CDDA601D3C;0100DE3026A54000;1.0.2;Realm of Ink;db
37531419DA7654EC;01007820196A6000;1.0.4;Red Dead Redemption;extracted
86AA48E1585F2EE7;01000D100DCF8000;1.2.0;Redeemer: Enhanced Edition;db
39FBFC95E715944A;010095900B436000;1.3.0;RemiLore;db
48E6DB6A91B59943;010095900B436000;1.1.0;RemiLore;db
49CF6B0B0A62F9E2;010010F01418E000;1.0.1;Remnant From the Ashes;extracted
C817FA3B253C70B5;01008F600F2D0000;1.1.0;Remothered: Tormented Fathers;db
EB57CF3434044523;01008F600F2D0000;1.3.0;Remothered: Tormented Fathers;db
82C2A04A21D3E0B8;010099A00BC1E000;1.1.0;resident evil 4;db
C517ECBB79DE9733;010018100CD46000;1.1.0;Resident Evil 5;db
061D2A06CD700785;01002A000CD48000;1.1.0;Resident Evil 6;db
99E56E5136A1316B;0100643002136000;1.1.0;Resident Evil Revelations;db
E816F895B35900A0;010095300212A000;1.1.0;Resident Evil Revelations 2;db
4E87ACAD6E878C33;01002C700C326000;1.1.0;Riddled Corpses EX;db
B426F56F027E8231;0100A62002042000;1.2.0;RiME;db
B0A94A27A8EA158C;01002FF008C24000;1.2.0;Ring Fit Adventure;extracted
25E86D4AF2490D40;01006BA00E652000;1.1.0;Rise: Race The Future;db
33595A329F26E3C6;0100AAA00ACBE000;1.3.0;Risk of Rain;db
E6A93D88F05CA346;010076D00E4BA000;1.1.0;Risk of Rain 2;db
3DE5D42478B9E64A;010042500FABA000;1.1.0;Ritual: Crown of Horns;db
9C3BB6699DC39C4E;0100B2100767C000;1.2.0;River City Melee Mach!!;db
F6D62A3F0A6DC59C;0100F850264EA000;1.0.0;River City Saga: Journey to the West;db
314920E043074742;010053000B986000;1.1.0;Road Redemption;db
90B2CBD13A1F4249;010053000B986000;1.3.0;Road Redemption;db
071EC97123F8979F;01005EE0036EC000;1.9.5;Rocket League;extracted
C4B40301FB00E359;010056500AD50000;1.1.0;Rogue Legacy;db
E14BA06266B126AA;01001CC00416C000;1.1.0;Rogue Trooper Redux;db
18E851C890FB050F;010050400BD38000;1.2.0;Roman Rumble in Las Vegum - Asterix & Obelix XXL 2;db
54B68B533375C472;010050400BD38000;1.4.0;Roman Rumble in Las Vegum - Asterix & Obelix XXL 2;db
6834F132C82C8580;010050400BD38000;1.1.0;Roman Rumble in Las Vegum - Asterix & Obelix XXL 2;db
98569F4E50AF13EC;010050400BD38000;1.5.0;Roman Rumble in Las Vegum - Asterix & Obelix XXL 2;db
C7D8C40CE277EE1D;010050400BD38000;1.3.0;Roman Rumble in Las Vegum - Asterix & Obelix XXL 2;db
C03C9F6A862543F9;010051D00E3A4000;1.1.0;Rune Factory 4 Special;db
C619CC7FE091C312;0100DE600BEEE000;1.5.0;SAINTS ROW®: THE THIRD™ - THE FULL PACKAGE;db
FFEDEB38F462558E;0100DE600BEEE000;1.4.0;SAINTS ROW®: THE THIRD™ - THE FULL PACKAGE;db
56E611CAC30AED49;0100D250083B4000;1.2.0;Salt and Sanctuary;db
ECF47ADE11877035;0100D250083B4000;1.3.0;Salt and Sanctuary;db
C1FFA39D6BEDCE46;01002B400873C000;1.1.0;Samurai Defender: Ninja Warfare;db
E33E4CD60710AC4D;01002B400873C000;1.2.0;Samurai Defender: Ninja Warfare;db
AD27E9B20590843A;01008FC00D964000;1.2.0;SAMURAI SPIRITS;db
EC6D3FE35366BFEE;01008FC00D964000;1.1.0;SAMURAI SPIRITS;db
F3D803D35D3E7E4A;01009B4019BE0000;13.0.0;Schlag den Star - Das 3 Spiel;extracted
239145D13200977B;010022900D3EC000;1.2.0;SDガンダム ジージェネレーション クロスレイズ プレミアムGサウンドエディション;db
7980AD54FEF93945;0100A6300B250000;1.2.0;SEGA Genesis Classics;db
4BF9EF5A0A2BA694;0100B3C014BDA000;1.0.0;SEGA Genesis – Nintendo Switch Online;extracted
60B7597943D57B4B;0100F7300B24E000;1.2.0;SEGA® Mega Drive Classics™;db
1AE49F909F236EF2;0100EFD00A4FA000;1.1.0;Shantae and the Pirate's Curse;db
27A4723579D81133;01006A200936C000;1.1.0;Shantae: Half- Genie Hero Ultimate Edition;db
069E3EFC16365FFD;01009A5009A9E000;1.1.0;Shining Resonance Refrain;db
98FFC4D49752C04A;0100C2F00A568000;1.1.0;Shio;db
5EABC1E307D28486;01001180021FA000;1.2.0;Shovel Knight: Specter of Torment;db
1FE2563D9B1FF9B4;010057D0021E8000;1.3.0;Shovel Knight: Treasure Trove;db
B9C8987A2F5EE46E;010057D0021E8000;1.5.0;Shovel Knight: Treasure Trove;db
199E91FC40CB4F7D;010044500C182000;1.8.0;Sid Meier’s Civilization VI;db
8D2316A709875547;01007FC00B674000;1.3.0;Sigi - A Fart for Melusina;db
92250E0251F79DCA;0100307018934000;1.2;SIGNALIS;extracted
A30FF4807FACDD60;01002820036A8000;1.1.0;Sine Mora EX;db
2AD8FF948353FDFD;0100B16009C10000;1.1.0;SINNER: Sacrifice for Redemption;db
8CA43E408D847247;01008CA00CF34000;1.2.0;Skellboy;db
883F60906915D348;010083100B5CA000;1.1.0;Sky Force Anniversary;db
98ABC1AFA513404A;01006FE005B6E000;1.1.0;Sky Force Reloaded;db
F35D3DF7CC780649;01006FE005B6E000;1.3.0;Sky Force Reloaded;db
9C150C477F6F7344;0100224004004000;1.2.0;Slain: Back From Hell;db
0F3B375B8E9518C9;010026300BA4A000;1.1.0;Slay the Spire;db
678A5068B1DB8450;010026300BA4A000;1.3.0;Slay the Spire;db
1FB8F9E571155F4E;0100501006494000;1.1.0;Slayaway Camp: Butcher's Cut;db
B1662BB6D8542F4A;01002AA00C974000;1.1.0;SMASHING THE BATTLE;db
26D8482BAD9998B2;010010400D46A000;1.7.0;SNACK WORLD: THE DUNGEON CRAWL — GOLD;db
6888027D61CF603D;010075A00BA14000;1.1.0;Sniper Elite 3 Ultimate Edition;db
8A49C2D4180B9477;010075A00BA14000;1.1.0;Sniper Elite 3 Ultimate Edition;db
B61F280560A937D2;0100BB000A3AA000;1.5.0;Sniper Elite V2 Remastered;db
E8B40682041DAFDD;0100BB000A3AA000;1.4.0;Sniper Elite V2 Remastered;db
F744CB9E08568AA9;0100BB000A3AA000;1.3.0;Sniper Elite V2 Remastered;db
0BF05F210BFF73EF;010027F00AD6C000;1.5.0;SNK HEROINES Tag Team Frenzy;db
27EEB113FD1FC102;010007C00B508000;1.6.0;SNK Heroines Tag Team Frenzy;db
19F46B583839C54E;01007AD01C432000;1.0.0;SNK VS. CAPCOM SVC CHAOS;extracted
957E1E19958A93F9;010040E0116B8000;1.0.9;Sonic Colors Ultimate;extracted
A6A61AE32DFE1F72;01001270012B6000;1.0.0;SONIC FORCES;extracted
6D9EA94F8AAC00A8;0100111004460000;1.1.0;SONIC FORCES™ Digital Bonus Edition;db
D7A05D106FF46FC0;01004AD014BF0000;1.4.1;Sonic Frontiers;extracted
03FD1524E17A841C;01009AA000FAA000;1.04;Sonic Mania;extracted
F57DB1FA410FD9DD;01009FB016286000;2.0.2;Sonic Origins;extracted
CF82524FEAE270B6;01006E001823C000;1.0.0;Sonic Racing CrossWorlds;extracted
E0E9890EC746DBD1;01008F701C074000;1.1.5;Sonic Superstars;extracted
DCBE53FDF98752AF;0100D1501ABAE000;1.0.0;SOUTH PARK SNOW DAY! v1.0;extracted
DF15EDAAF603E00C;01008F2005154000;1.5.0;South Park™: The Fractured but Whole™ - Standard Edition;db
BFAFBB54899F1441;01007ED00C032000;1.3.0;Sparklite;db
B73BF75FEB33ABC5;0100BD500BA94000;1.1.0;Sphinx and the Cursed Mummy;db
25E4DE94C55DC7A3;0100F8F0000A2000;1.27.0;Splatoon™ 2 + Nintendo Switch Online Individual Membership (12 months - 365 days);db
28240EE1884416AE;010062800D39C000;1.0.5;SpongeBob SquarePants Battle for Bikini Bottom - Rehydrated;extracted
F712547C68C66A0A;01009FB0172F4000;1.0.7;SPONGEBOB SQUAREPANTS THE COSMIC SHAKE;extracted
D2775FAFCF4835CB;010077B00E046000;1.1.0;Spyro™ Reignited Trilogy;db
3F8DB95C54C9B11C;010065301A2E0000;1.0.0;STAR OCEAN THE SECOND STORY R;extracted
46D6F600D4EC745D;010040701B948000;1.0.2;STAR WARS™: Battlefront Classic Collection;db
B4AA53D6B0D7B359;010040701B948000;1.0.4;STAR WARS™: Battlefront Classic Collection;db
EADDD1DA21FAB72B;01000E2025246000;1.0.12;STARBITES;db
44BA37318C492264;0100E65002BB8000;1.2.0;Stardew Valley: Nintendo Switch 2 Edition;db
C45898E4542ECCDA;0100E65002BB8000;1.8.0;Stardew Valley: Nintendo Switch 2 Edition;db
630DC5DE0776E6E8;01002CC003FE6000;1.5.0;Starlink: Battle for Atlas™ Digital Edition;db
A3179FEF84570923;0100F6D00D83E000;1.2.0;SteamWorld Quest: Hand of Gilgamech;db
D1E6EA9384C3674B;0100F6D00D83E000;1.2.0;SteamWorld Quest: Hand of Gilgamech;db
FE3816FA8946E340;0100DAE01E4C8000;1.0.0;Story of Seasons Grand Bazaar;extracted
A65E31F83F2CBB54;0100024008310000;1.3.0;Street Fighter 30th Anniversary Collection;db
13A66415DFD9FC45;0100720008ED2000;1.5.0;STRIKERS1945 Ⅱ for Nintendo Switch;db
349E43D4F0E71AAA;0100720008ED2000;1.3.0;STRIKERS1945 Ⅱ for Nintendo Switch;db
C1FCD151248425E7;0100720008ED2000;1.1.0;STRIKERS1945 Ⅱ for Nintendo Switch;db
A481E5E6A88FDFB7;01004BD017080000;1.0.3;Suikoden I&II HD Remaster Gate Rune and Dunan Unification Wars;extracted
A2DFD07E5EB5F743;01002D3007962000;1.1.0;Sundered: Eldritch Edition;db
A0A745DA9AE25946;01007AD00013E000;1.11.0;Super Bomberman R;db
4B6186EE194550B7;0100B87017D94000;1.3.0;SUPER BOMBERMAN R 2;extracted
86E4FB5689513425;0100CAF00C462000;1.05.01;SUPER DRAGON BALL HEROES WORLD MISSION;extracted
390A4067482509C9;0100E5E00C464000;1.9.0;SUPER DRAGON BALL HEROES WORLD MISSION;db
C7BE7A7C6253B52D;0100E5E00C464000;1.1.0;SUPER DRAGON BALL HEROES WORLD MISSION;db
772010C59B988E26;010099F00B374000;1.2.0;Super Hydorah;db
98D835A423BDBCFA;010099F00B374000;1.1.0;Super Hydorah;db
DCDFA5A4AD9A175D;01003FB00C5A8000;1.0.1;Super Kirby Clash;extracted
7F54BCFB4062DCD9;010049900F546000;1.1.4;Super Mario 3D All-Stars;extracted
635FE25C7CB69847;010028600EBDA000;1.2.2;Super Mario 3D World Bowsers Fury;extracted
FF773E90972D544E;010015100B514000;1.2.0;Super Mario Bros. Wonder;extracted
7FF9F6FE1D509C76;0100FD8022DAA000;1.0.0;Super Mario Galaxy 2;extracted
9D08CADCBCC1CEA4;010099C022B96000;1.3.1;Super Mario Galaxy v1.0.0;extracted
60B80D35E3DB7606;01009B90006DC000;1.1.0;Super Mario Maker™ 2 + Nintendo Switch Online Bundle;db
E74294B43F76EF2A;01009B90006DC000;1.3.0;Super Mario Maker™ 2 + Nintendo Switch Online Bundle;db
B424BE150A8E7D78;0100000000010000;1.4.1;Super Mario Odyssey;extracted
F5DCCDDB37E97724;0100000000010000;1.3.0;Super Mario Odyssey™;db
FB321C86B35AA975;010036B0034E4000;1.1.0;Super Mario Party;extracted
D70CE1726C979E45;0100965017338000;2.2.0;Super Mario Party Jamboree;extracted
49A50A8BCFA6B036;010036B0034E4000;1.1.0;Super Mario Party™;db
97F9664CFB272154;0100BC0018138000;1.0.1;Super Mario RPG;extracted
D8110CB8AD46CF03;010031F019294000;1.20;Super Monkey Ball Banana Rumble;extracted
5814A3099A30B54A;0100B2A00E1E0000;1.1.0;Super Monkey Ball: Banana Blitz HD;db
82BCE946568DD041;0100B2A00E1E0000;1.2.0;Super Monkey Ball: Banana Blitz HD;db
CD6B72795A650749;0100B2A00E1E0000;1.3.0;Super Monkey Ball: Banana Blitz HD;db
86C0BEF8058D0A48;01008D300C50C000;1.0.0;Super Nintendo Entertainment System - Nintendo Switch Online;extracted
A028E4F0C384A83C;0100331005E8E000;1.1.0;Super Putty Squad;db
6C8970071EF11148;01004CF00A60E000;1.2.0;Super Saurio Fly;db
730C2141EEBF9885;01006A800016E000;13.0.3;Super Smash Bros Ultimate;extracted
1B4270CED2653872;01006A800016E000;1.13.0;Super Smash Bros.™ Ultimate;db
2EF410F4D4D2D279;01006A800016E000;1.2.0;Super Smash Bros.™ Ultimate;db
343D891A4BCF0684;01006A800016E000;1.8.0;Super Smash Bros.™ Ultimate;db
4590C9BB2C530754;01006A800016E000;1.12.0;Super Smash Bros.™ Ultimate;db
9FE4E3C363968930;01006A800016E000;1.15.0;Super Smash Bros.™ Ultimate;db
029C2837B0EEE8A9;01005DF00DC26000;1.2.0;SWORD ART ONLINE: FATAL BULLET Complete Edition;db
7D388942A921E50A;01005DF00DC26000;1.1.0;SWORD ART ONLINE: FATAL BULLET Complete Edition;db
03012E346B96E992;0100EC400D54E000;1.1.0;SWORD ART ONLINE: Hollow Realization Deluxe Edition;db
0C356A98BCF20184;0100EC400D54E000;1.2.0;SWORD ART ONLINE: Hollow Realization Deluxe Edition;db
BE2722B00A4D6573;0100EC400D54E000;1.1.0;SWORD ART ONLINE: Hollow Realization Deluxe Edition;db
899A1B60B0B44747;0100A2500E232000;1.1.0;Syder Reloaded;db
1D9B0B8D64487D43;010007300C482000;1.2.0;Sydney Hunter and the Curse of the Mayan;db
63624864E3F646A3;0100FB701C48C000;1.0.1;Tale of Immortal;db
42673F5DE16DC698;0100A410169A4000;1.3.1;Tales of Symphonia Remastered;extracted
9E812D3826D6E7AC;01002C0008E52000;1.1.0;Tales of Vesperia™: Definitive Edition;db
F244B656B1CAFE52;01002C0008E52000;1.2.0;Tales of Vesperia™: Definitive Edition;db
9CA62CC01A646921;010092B0091D0000;1.1.0;Team Sonic Racing;db
E0AD6A5BE8F05B84;01005CF01E784000;1.11.2;Teenage Mutant Ninja Turtles Splintered Fate;extracted
4AFEDB78C94649F1;0100FDB0154E4000;1.0.4;Teenage Mutant Ninja Turtles The Cowabunga Collection;extracted
1F53E00D05581144;0100E46006708000;1.1.0;Terraria;db
364DC52DEB2A5C46;0100E46006708000;1.2.0;Terraria;db
A85426058506934F;0100E46006708000;1.4.0;Terraria;db
07B0A65F53280FC8;010040600C5CE000;1.4.0;Tetris 99 Retail Bundle;db
3F63328F03AAF417;010040600C5CE000;1.5.0;Tetris 99 Retail Bundle;db
4DF9DA0BD7A61546;01003CF00DCFA000;1.2.0;The Alliance Alive HD Remastered;db
148657004CD52EAF;010021C000B6A000;1.2.0;The Binding of Isaac: Afterbirth+;db
4FB46E8CDFAD75AD;010021C000B6A000;1.3.0;The Binding of Isaac: Afterbirth+;db
9872B9E3508B9FFE;010021C000B6A000;1.2.0;The Binding of Isaac: Afterbirth+;db
D6E5754880AF8BE3;010021C000B6A000;1.2.0;The Binding of Isaac: Afterbirth+;db
1763C8105148364A;01008D700AB14000;1.1.0;The Bug Butcher;db
42407EC9B931E646;0100EB600AB5E000;1.2.0;THE Card: Poker, Texas hold 'em, Blackjack and Page One;db
2EAAF5F168F363D9;01000850037C0000;1.2.0;The Count Lucanor;db
01744DBED078494C;010051800E922000;1.1.0;The Dark Crystal: Age of Resistance Tactics;db
B3F6E5DA5C501857;01000A10041EA000;1.0.0;The Elder Scrolls V Skyrim;extracted
0C0CAC3FCF0F0BEB;01000A10041EA000;1.1.404.0;The Elder Scrolls V: Skyrim®;db
F924779598832227;01000A10041EA000;1.1.0;The Elder Scrolls V: Skyrim®;db
2EF0F322F3A40E7D;0100C38004DCC000;1.2.0;The Flame In The Flood: Complete Edition;db
47834DD89CC22747;010007700D4AC000;1.1.0;The Forbidden Arts;db
3749BFEA64DC98DF;010030700CBBC000;1.1.0;The friends of Ringo Ishikawa;db
881BAC95C002184F;010020500BD98000;1.2.0;The King's Bird;db
3A8D0F8EE79CF08A;0100AC800D022000;1.1.0;THE LAST REMNANT Remastered;db
688F083106E7467D;0100B1900F0B6000;1.1.0;The Legend of Dark Witch;db
D469AA790876B5F6;0100B1900F0B6000;1.4.0;The Legend of Dark Witch;db
8E9978D50BDD20B4;01007EF00011E000;1.6.0;The Legend of Zelda Breath of the Wild;extracted
965EAB9CEB8EB867;0100F2C0115B6000;1.4.1;The Legend of Zelda Tears of the Kingdom;extracted
9F221E1AFA65BA54;01008CF01BAAC000;1.1.0;The Legend of Zelda: Echoes of Wisdom;db
16A91992BBA71201;01007EF00011E000;1.11.0;The Legend of Zelda™: Breath of the Wild – Nintendo Switch™ 2 Edition;db
909E904AF78AC1B8;01006BB00C6F0000;1.1.0;The Legend of Zelda™: Link’s Awakening;db
BAC1309DDF75B14D;0100A4400BE74000;1.3.0;The LEGO Movie 2 Videogame;db
2AA90ECC2A24DA46;01000CE002072000;1.2.0;The LEGO® NINJAGO® Movie Videogame;db
74A46F4122BB9945;01007A700A87C000;2.00.91441;The Long Dark;extracted
C7209AEDA44B0447;01008A000A404000;1.1.0;The Lost Child;db
2A979C3FDF717642;0100DC300AC78000;1.1.0;The Messenger;db
D8E60563C302AA41;0100DC300AC78000;1.4.0;The Messenger;db
EABD92AD1CDC0E43;0100DC300AC78000;1.3.0;The Messenger;db
EDE81745C5421D45;0100DC300AC78000;1.2.0;The Messenger;db
FB6206B43C698A4B;0100DC300AC78000;1.8.0;The Messenger;db
FE343C581BA5B49F;0100496004194000;1.2.0;The Mummy Demastered;db
61D93CE7139CD44E;010036200CF6A000;1.1.0;The Ninja Warriors Once Again (ザ・ニンジャウォーリアーズ ワンスアゲイン);db
FADC5BB443B6D715;0100CD300880E000;1.3.0;The Pinball Arcade;db
ABF6BD925114DEF6;01008D9022462000;1.0.4;The Rogue Prince of Persia;extracted
85E49C169A8B988A;010028D00BA1A000;1.1.0;The Sinking City;db
20667075DF3336AC;010073C01B7FE000;1.02.07;The Smurfs 2 The Prisoner of the Green Stone;extracted
998578D430BC7D3F;010037D00D568000;1.1.0;The Swords of Ditto: Mormo's Curse;db
FCB264311604CA8B;010037D00D568000;1.4.0;The Swords of Ditto: Mormo's Curse;db
0B66B82E9902A3C1;0100C3300D8C4000;1.1.0;The Touryst;db
4BC4A8A814FD46A4;01003D100E9C6000;4.04;The Witcher 3 Wild Hunt Complete Edition;extracted
11F23ECBDFBA7E24;01003D100E9C6000;1.4.0;The Witcher 3: Wild Hunt — Complete Edition;db
7D0794DC20FAF372;01003D100E9C6000;1.3.0;The Witcher 3: Wild Hunt — Complete Edition;db
3188434D02663149;0100CE400E34E000;1.4.0;Thief Simulator;extracted
D01CBD41CAA0D840;0100CE400E34E000;1.1.0;Thief Simulator;db
473269469145C1CF;0100605008268000;1.2.0;Titan Quest;db
8E06E89604736B46;0100B5200BB7C000;1.7.0;ToeJam & Earl: Back in the Groove!;db
1838099AAE00B548;0100F3400A432000;1.1.0;Toki;db
210904D2E8F23B0B;010024601BB16000;1.0.7;Tomb Raider I-III Remastered;extracted
8C651C4133C64C32;0100BC101C896000;1.0.4;Tomb Raider IV-VI Remastered;extracted
A1EFE1B6BBB0328F;010051F0207B2000;1.0.0;Tomodachi Life Living the Dream;extracted
8AFCBE6A930CD42E;0100CC00102B4000;1.0.0;Tony Hawks Pro Skater 1+2;extracted
A31FE9B8AF1156D4;01000AD01F94A000;1.0.0;Tony Hawks Pro Skater 3+4;extracted
3C58651F0107FBE1;010090400D366000;1.2.0;Torchlight II;db
99A367D031056E1F;010090400D366000;1.1.0;Torchlight II;db
EF72A4B5BF1973F3;010011600C946000;1.6.0;Travis Strikes Again: No More Heroes;db
92C25172D38DFEDB;0100D7800E9E0000;1.1.1;Trials of Mana;extracted
525B902E6F916EA5;010064E00A932000;1.1.0;Trine 2: Complete Story;db
32B4BBE0D88214D3;0100D9000A930000;1.2.0;Trine Enchanted Edition;db
B70F06EAC87FA2AF;010055E00CA68000;1.3.0;Trine: Ultimate Collection;db
13265E4EBA0F0D41;010031200E044000;1.1.0;Two Point Hospital™;db
8726F5E816B001B2;01007330027EE000;1.1.1;Ultra Street Fighter II The Final Challengers;extracted
4C43A24535E79D47;01005CD00F85A000;1.3.0;Underhero;db
24DB41FCD513D080;010080B00AD66000;1.2.0;Undertale;db
E2876F945A831D78;010069401ADB8000;1.01;Unicorn Overlord;extracted
265D9D65A1F8A32F;010042C011476000;1.0.0;Unrailed!;db
F04D4FE8BF580369;0100E5D00CC0C000;1.1.0;Unravel Two;db
FD5C98D408ECCD4C;010001300CC4A000;1.3.0;Unruly Heroes;db
1CAA05A4630E7769;01001B10068EC000;1.4.0;Urban Trial Playground;db
EB8A679B5DDD0060;010064400B138000;1.2.0;V-Rally 4;db
C0A75CFE9B9B814A;010089700F30C000;1.2.0;Valfaris;db
CE42204CB46AC947;01000E000DD40000;1.1.0;Vambrace: Cold Soul;db
E417100FFEEFD1DE;01000BD00CE64000;1.2.0;VAMPYR;db
363883E3B5306749;010030F00CA1E000;1.1.0;Vaporum;db
5C813C18C1D7744A;010030F00CA1E000;1.2.0;Vaporum;db
A2AD2E750B402FAC;0100B1A0066DC000;1.3.0;Volgarr the Viking;db
CDE4219ECFFE184C;010049500DE56000;1.1.0;War Tech Fighters;db
397BD5555E9A4C44;01000F0002BB6000;1.12.0;Wargroove;db
64771F8D1E0D6AC4;01000F0002BB6000;1.7.0;Wargroove;db
7DC603C454F6517E;01000F0002BB6000;1.5.0;Wargroove;db
A32AFC17C02B0E80;01000F0002BB6000;1.4.0;Wargroove;db
B05C886DE8291583;01000F0002BB6000;1.6.0;Wargroove;db
E6784F640B1CDFF9;0100563010E0C000;1.0.0;WarioWare Get It Together!;extracted
5C9CCD358BE85FC9;010016A00AEC0000;1.8.0;WARRIORS OROCHI 4 Ultimate - Retail Only;db
C99DA50E73027754;010016A00AEC0000;1.4.0;WARRIORS OROCHI 4 Ultimate - Retail Only;db
25CE48F161DDF0CB;010017500E7E0000;1.1.0;Whipseey and the Lost Atlas;db
65003B5234CD7045;010027F0128EA000;1.4.0.0;Who Wants to Be a Millionaire!;extracted
5B0505B54116E948;0100522007AAA000;1.10.0;Wizard of Legend;db
94C6C3FC4D99C443;01009040091E0000;1.1.0;Wolfenstein II®: The New Colossus™;db
F2FE5EF877839F4F;01009040091E0000;1.2.0;Wolfenstein II®: The New Colossus™;db
21A35D07D6E6C2F0;01003BD00CAAE000;1.1.0;Wolfenstein: Youngblood;db
88C0CD2F98B39F8B;01003BD00CAAE000;1.4.0;Wolfenstein: Youngblood;db
C8FDF722E6BACFFA;01003BD00CAAE000;1.3.0;Wolfenstein: Youngblood;db
BB52A5B81F24E249;010069B00D9FE000;1.4.0;WONDER BOY RETURNS REMIX;db
13793F02E257147F;0100A6300150C000;1.2.0;Wonder Boy: The Dragon's Trap;db
5767FD44C331B44B;010072000BD32000;1.0.1;WORLD OF FINAL FANTASY MAXIMA;extracted
05CA2D8BFAE05719;010099F013898000;1.0.8;World War Z;extracted
8993F40B00314F67;0100DFC01D57A000;1.0.0;Worms Armageddon;extracted
3108FBCB812CCA30;010016A010396000;1.0.1;Worms Rumble;extracted
5B5B92EA6A1B3F73;01001AE005166000;1.1.3;Worms W M D;extracted
64EFD5D6AD8EA937;010087800DCEA000;1.1.0;WRC 8 FIA World Rally Championship;db
C50B3AE5B8C2EE42;010033700418A000;1.3.0;Wulverblade;db
DEEE18D307C81634;010009800203E000;1.5.0;WWE 2K18;db
B0D911BC4C9A3760;0100DF100B97C000;1.1.0;X-Morph: Defense;db
56246A89466A791B;0100C9F009F7A000;1.2.0;Xenoblade Chronicles 2: Torna ~ The Golden Country;db
0AE74B263D8AC3CF;010074F013262000;2.1.1;Xenoblade Chronicles 3;extracted
6D34A75DBB68D4FB;0100E95004038000;1.12.0;Xenoblade Chronicles™ 2;db
D007651BC7C6A51E;0100E95004038000;1.14.0;Xenoblade Chronicles™ 2;db
E3938FA78579C1CA;0100E95004038000;1.14.0;Xenoblade Chronicles™ 2;db
8E0F8D1AB9A89843;010085500B29A000;1.1.0;Yet Another Zombie Defense HD;db
1278B520B42269D7;010002D00632E000;1.0.0;Yoku's Island Express;extracted
743C88F0F1C33DBB;0100F110029C8000;1.1.0;Yooka-Laylee;db
CB788AA9E4E02D49;010022F00DA66000;1.1.0;Yooka-Laylee and the Impossible Lair;db
EA84F555E2D0BC41;010022F00DA66000;1.2.0;Yooka-Laylee and the Impossible Lair;db
44AE9FD12897C702;01006000040C2000;1.0.1;Yoshi's Crafted World;extracted
351694385B22760D;01007F200B0C0000;1.4.0;Ys VIII: Lacrimosa of DANA;db
C5A542DA4273A84C;0100261015BE2000;1.0.4;Yu-Gi-Oh! RUSH DUEL Dawn of the Battle Royale!!;extracted
75541916AAB21C49;0100D6B00CD88000;1.1.0;YUMENIKKI -DREAM DIARY-;db
A8CB9F8EBBFB0D4E;0100CD500E706000;1.2.0;Ziggurat;db
ECA39AD294492A40;010004D00D32A000;1.1.0;Zombieland: Double Tap - Road Trip;db
680F945A37F5C7B7;0100C1700CD94000;1.1.0;Zumba Burn It Up!;extracted
89B3007E82AE104A;010083A00B2DA000;1.1.0;アライアンス・アライブ HDリマスター;db
03A4D6D3CBAED278;01009B600B9AA000;1.2.0;カードファイト!! ヴァンガード エクス;db
FFAE59D5CDC76F8F;01009B600B9AA000;1.3.0;カードファイト!! ヴァンガード エクス;db
736EB95ACA241014;0100CA400E300000;1.2.0;スーパーロボット大戦Ｖ;db
EAC0AC0033CE59E1;0100CA400E300000;1.1.0;スーパーロボット大戦Ｖ;db
4873AA2E8514685F;010026800E304000;1.1.0;スーパーロボット大戦Ｘ;db
3F8FFAD9352A760A;01002AB007FD2000;1.1.0;ゼルダ無双 ハイラルオールスターズ DX;db
7C8571B3F244B6DC;0100A1100B70E000;1.2.0;ソードアート・オンライン -ホロウ・リアリゼーション- DELUXE EDITION;db
325E49E94A030B7E;010054A0085CA000;1.4.0;ドラゴンクエストXI　過ぎ去りし時を求めて S(Retail Only);db
744E00542FF45574;010054A0085CA000;1.1.0;ドラゴンクエストXI　過ぎ去りし時を求めて S(Retail Only);db
5C598E5025BF97BC;0100CD3000BDC000;1.3.0;ドラゴンクエストヒーローズI・II for Nintendo Switch;db
3EBF22ED97873D1F;010050000705E000;1.8.0;ドラゴンクエストビルダーズ２　破壊神シドーとからっぽの島;db
43D3724D70A32464;010050000705E000;1.5.0;ドラゴンクエストビルダーズ２　破壊神シドーとからっぽの島;db
4E1A22C61868D4C0;010050000705E000;1.14.0;ドラゴンクエストビルダーズ２　破壊神シドーとからっぽの島;db
79A11FD138520490;010050000705E000;1.3.0;ドラゴンクエストビルダーズ２　破壊神シドーとからっぽの島;db
A93EF5C9C956AC1F;010050000705E000;1.6.0;ドラゴンクエストビルダーズ２　破壊神シドーとからっぽの島;db
D29DC85061688483;010050000705E000;1.11.0;ドラゴンクエストビルダーズ２　破壊神シドーとからっぽの島;db
D58E985F267B9ABD;010050000705E000;1.10.0;ドラゴンクエストビルダーズ２　破壊神シドーとからっぽの島;db
F847DF7905274EF5;010050000705E000;1.7.0;ドラゴンクエストビルダーズ２　破壊神シドーとからっぽの島;db
2D5B93C856CDF009;010057E00AC56000;1.1.0;ドラゴンズドグマ：ダークアリズン;db
316BAF584D815AB7;0100EAE003A5A000;1.5.0;ファイアーエムブレム無双;db
9D4C86E6EF74504A;0100C3800049C000;1.5.0;モンスターハンターダブルクロス™ Nintendo Switch Ver.;db
E5FE2EDA21830AF4;010096000E1EC000;1.8.0;ライザのアトリエ ～常闇の女王と秘密の隠れ家～;db
B0CE5CCDFF637507;010032400E700000;1.1.0;二ノ国 白き聖灰の女王 for Nintendo Switch;db
AA45748622CF57C8;0100C0000CEEA000;1.2.0;妖怪ウォッチ1 for Nintendo Switch;db
B52DFBC326B26E60;0100C0000CEEA000;1.1.0;妖怪ウォッチ1 for Nintendo Switch;db
042A9D9EEBC14B3C;010086C00AF7C000;1.11.0;妖怪ウォッチ4++(Retail only);db
0D5772548B8E6D08;010086C00AF7C000;1.3.0;妖怪ウォッチ4++(Retail only);db
20FD1A80A9C3985D;010086C00AF7C000;1.1.0;妖怪ウォッチ4++(Retail only);db
6D79FE2D5451B8C6;010086C00AF7C000;1.2.0;妖怪ウォッチ4++(Retail only);db
91DD8DA34FC975FD;010086C00AF7C000;1.12.0;妖怪ウォッチ4++(Retail only);db
93706FD3B59F1513;010086C00AF7C000;1.4.0;妖怪ウォッチ4++(Retail only);db
994C5FA1497445FF;010086C00AF7C000;1.8.0;妖怪ウォッチ4++(Retail only);db
C65B6C18D3DE5189;010086C00AF7C000;1.13.0;妖怪ウォッチ4++(Retail only);db
DCFCCD795D18F3F9;010086C00AF7C000;1.10.0;妖怪ウォッチ4++(Retail only);db
F014C53D501D35CF;010086C00AF7C000;1.5.0;妖怪ウォッチ4++(Retail only);db
859A3A3D296D44E8;0100E9C00BF28000;1.4.0;実況パワフルプロ野球;db
13197CCF3745E1C5;0100C11009378000;1.1.0;戦場のヴァルキュリア４ 新価格版;db
C632B6C8CD8250B1;0100153006300000;1.2.0;無双OROCHI２ Ultimate;db
07650FD5E5E2B82C;0100E8500AD58000;1.13.0;無双OROCHI３ Ultimate (Retail only);db
1D18291B37A88AB1;0100E8500AD58000;1.8.0;無双OROCHI３ Ultimate (Retail only);db
C6D7A20591972336;01001D900D9AC000;1.2.0;牧場物語 再会のミネラルタウン;db
489626AE0CFBFD15;01000E600B05C000;1.3.0;魔界戰記DISGAEA Refine;db
8A7B02F272D29440;01006DD00CC96000;1.3.0;걸즈 앤 판처 드림 탱크 매치 DX;db
1F27449539E34189;0100C2D00EBD4000;1.2.0;목장이야기 다시 만난 미네랄 타운의 친구들;db
3353DF7ACBA29330;0100C2D00EBD4000;1.3.0;목장이야기 다시 만난 미네랄 타운의 친구들;db
865096B06FF9B91A;0100C2D00EBD4000;1.5.0;목장이야기 다시 만난 미네랄 타운의 친구들;db
3A1A0309A1A756DF;01006C900CC60000;1.4.0;슈퍼로봇대전 T;db
B49E93FB9664813B;01006C900CC60000;1.2.0;슈퍼로봇대전 T;db
F78FBD6E48E6FCE1;01006C900CC60000;1.3.0;슈퍼로봇대전 T;db
